interval,time,Kahului3,Kahului4,Maalaea01,Maalaea02,Maalaea03,Maalaea04,Maalaea05,Maalaea06,Maalaea07,Maalaea08,Maalaea09,Maalaea10,Maalaea11,Maalaea12,Maalaea13,MaalaeaX1,MaalaeaX2,Maalaea14cc,Maalaea15cc,Maalaea16cc,Maalaea17cc,Maalaea18cc,Maalaea19cc
1,0:00:00,11.5,11.5,2.5,2.5,2.5,5.51,5.51,5.51,5.51,5.48,5.48,12.34,12.34,12.34,12.34,2.5,2.5,21.13,13.381,21.13,21.4744,12.993282,21.474403
2,0:00:05,11.5,11.5,2.5,2.5,2.5,5.51,5.51,5.51,5.51,5.48,5.48,12.34,12.34,12.34,12.34,2.5,2.5,21.13,13.381,21.13,21.4744,12.993282,21.474403
3,0:00:10,11.5,11.5,2.5,2.5,2.5,5.51,5.51,5.51,5.51,5.48,5.48,12.34,12.34,12.34,12.34,2.5,2.5,21.13,13.381,21.13,21.4744,12.993282,21.474403
4,0:00:15,11.5,11.5,2.5,2.5,2.5,5.51,5.51,5.51,5.51,5.48,5.48,12.34,12.34,12.34,12.34,2.5,2.5,21.13,13.381,21.13,21.4744,12.993282,21.474403
5,0:00:20,11.5,11.5,2.5,2.5,2.5,5.51,5.51,5.51,5.51,5.48,5.48,12.34,12.34,12.34,12.34,2.5,2.5,21.13,13.381,21.13,21.4744,12.993282,21.474403
6,0:00:25,11.5,11.5,2.5,2.5,2.5,5.51,5.51,5.51,5.51,5.48,5.48,12.34,12.34,12.34,12.34,2.5,2.5,21.13,13.381,21.13,21.4744,12.993282,21.474403
7,0:00:30,11.5,11.5,2.5,2.5,2.5,5.51,5.51,5.51,5.51,5.48,5.48,12.34,12.34,12.34,12.34,2.5,2.5,21.13,13.381,21.13,21.4744,12.993282,21.474403
8,0:00:35,11.5,11.5,2.5,2.5,2.5,5.51,5.51,5.51,5.51,5.48,5.48,12.34,12.34,12.34,12.34,2.5,2.5,21.13,13.381,21.13,21.4744,12.993282,21.474403
9,0:00:40,11.5,11.5,2.5,2.5,2.5,5.51,5.51,5.51,5.51,5.48,5.48,12.34,12.34,12.34,12.34,2.5,2.5,21.13,13.381,21.13,21.4744,12.993282,21.474403
10,0:00:45,11.5,11.5,2.5,2.5,2.5,5.51,5.51,5.51,5.51,5.48,5.48,12.34,12.34,12.34,12.34,2.5,2.5,21.13,13.381,21.13,21.4744,12.993282,21.474403
11,0:00:50,11.5,11.5,2.5,2.5,2.5,5.51,5.51,5.51,5.51,5.48,5.48,12.34,12.34,12.34,12.34,2.5,2.5,21.13,13.381,21.13,21.4744,12.993282,21.474403
12,0:00:55,11.5,11.5,2.5,2.5,2.5,5.51,5.51,5.51,5.51,5.48,5.48,12.34,12.34,12.34,12.34,2.5,2.5,21.13,13.381,21.13,21.4744,12.993282,21.474403
13,0:01:00,11.5,11.5,2.5,2.5,2.5,5.51,5.51,5.51,5.51,5.48,5.48,12.34,12.34,12.34,12.34,2.5,2.5,21.13,13.381,21.13,21.4744,12.993282,21.474403
14,0:01:05,11.5,11.5,2.5,2.5,2.5,5.51,5.51,5.51,5.51,5.48,5.48,12.34,12.34,12.34,12.34,2.5,2.5,21.13,13.381,21.13,21.4744,12.993282,21.474403
15,0:01:10,11.5,11.5,2.5,2.5,2.5,5.51,5.51,5.51,5.51,5.48,5.48,12.34,12.34,12.34,12.34,2.5,2.5,21.13,13.381,21.13,21.4744,12.993282,21.474403
16,0:01:15,11.5,11.5,2.5,2.5,2.5,5.51,5.51,5.51,5.51,5.48,5.48,12.34,12.34,12.34,12.34,2.5,2.5,21.13,13.381,21.13,21.4744,12.993282,21.474403
17,0:01:20,11.5,11.5,2.5,2.5,2.5,5.51,5.51,5.51,5.51,5.48,5.48,12.34,12.34,12.34,12.34,2.5,2.5,21.13,13.381,21.13,21.4744,12.993282,21.474403
18,0:01:25,11.5,11.5,2.5,2.5,2.5,5.51,5.51,5.51,5.51,5.48,5.48,12.34,12.34,12.34,12.34,2.5,2.5,21.13,13.381,21.13,21.4744,12.993282,21.474403
19,0:01:30,11.5,11.5,2.5,2.5,2.5,5.51,5.51,5.51,5.51,5.48,5.48,12.34,12.34,12.34,12.34,2.5,2.5,21.13,13.381,21.13,21.4744,12.993282,21.474403
20,0:01:35,11.5,11.5,2.5,2.5,2.5,5.51,5.51,5.51,5.51,5.48,5.48,12.34,12.34,12.34,12.34,2.5,2.5,21.13,13.381,21.13,21.4744,12.993282,21.474403
21,0:01:40,11.5,11.5,2.5,2.5,2.5,5.51,5.51,5.51,5.51,5.48,5.48,12.34,12.34,12.34,12.34,2.5,2.5,21.13,13.381,21.13,21.4744,12.993282,21.474403
22,0:01:45,11.5,11.5,2.5,2.5,2.5,5.51,5.51,5.51,5.51,5.48,5.48,12.34,12.34,12.34,12.34,2.5,2.5,21.13,13.381,21.13,21.4744,12.993282,21.474403
23,0:01:50,11.5,11.5,2.5,2.5,2.5,5.51,5.51,5.51,5.51,5.48,5.48,12.34,12.34,12.34,12.34,2.5,2.5,21.13,13.381,21.13,21.4744,12.993282,21.474403
24,0:01:55,11.5,11.5,2.5,2.5,2.5,5.51,5.51,5.51,5.51,5.48,5.48,12.34,12.34,12.34,12.34,2.5,2.5,21.13,13.381,21.13,21.4744,12.993282,21.474403
25,0:02:00,11.5,11.5,2.5,2.5,2.5,5.51,5.51,5.51,5.51,5.48,5.48,12.34,12.34,12.34,12.34,2.5,2.5,21.13,13.381,21.13,21.4744,12.993282,21.474403
26,0:02:05,11.5,11.5,2.5,2.5,2.5,5.51,5.51,5.51,5.51,5.48,5.48,12.34,12.34,12.34,12.34,2.5,2.5,21.13,13.381,21.13,21.4744,12.993282,21.474403
27,0:02:10,11.5,11.5,2.5,2.5,2.5,5.51,5.51,5.51,5.51,5.48,5.48,12.34,12.34,12.34,12.34,2.5,2.5,21.13,13.381,21.13,21.4744,12.993282,21.474403
28,0:02:15,11.5,11.5,2.5,2.5,2.5,5.51,5.51,5.51,5.51,5.48,5.48,12.34,12.34,12.34,12.34,2.5,2.5,21.13,13.381,21.13,21.4744,12.993282,21.474403
29,0:02:20,11.5,11.5,2.5,2.5,2.5,5.51,5.51,5.51,5.51,5.48,5.48,12.34,12.34,12.34,12.34,2.5,2.5,21.13,13.381,21.13,21.4744,12.993282,21.474403
30,0:02:25,11.5,11.5,2.5,2.5,2.5,5.51,5.51,5.51,5.51,5.48,5.48,12.34,12.34,12.34,12.34,2.5,2.5,21.13,13.381,21.13,21.4744,12.993282,21.474403
31,0:02:30,11.5,11.5,2.5,2.5,2.5,5.51,5.51,5.51,5.51,5.48,5.48,12.34,12.34,12.34,12.34,2.5,2.5,21.13,13.381,21.13,21.4744,12.993282,21.474403
32,0:02:35,11.5,11.5,2.5,2.5,2.5,5.51,5.51,5.51,5.51,5.48,5.48,12.34,12.34,12.34,12.34,2.5,2.5,21.13,13.381,21.13,21.4744,12.993282,21.474403
33,0:02:40,11.5,11.5,2.5,2.5,2.5,5.51,5.51,5.51,5.51,5.48,5.48,12.34,12.34,12.34,12.34,2.5,2.5,21.13,13.381,21.13,21.4744,12.993282,21.474403
34,0:02:45,11.5,11.5,2.5,2.5,2.5,5.51,5.51,5.51,5.51,5.48,5.48,12.34,12.34,12.34,12.34,2.5,2.5,21.13,13.381,21.13,21.4744,12.993282,21.474403
35,0:02:50,11.5,11.5,2.5,2.5,2.5,5.51,5.51,5.51,5.51,5.48,5.48,12.34,12.34,12.34,12.34,2.5,2.5,21.13,13.381,21.13,21.4744,12.993282,21.474403
36,0:02:55,11.5,11.5,2.5,2.5,2.5,5.51,5.51,5.51,5.51,5.48,5.48,12.34,12.34,12.34,12.34,2.5,2.5,21.13,13.381,21.13,21.4744,12.993282,21.474403
37,0:03:00,11.5,11.5,2.5,2.5,2.5,5.51,5.51,5.51,5.51,5.48,5.48,12.34,12.34,12.34,12.34,2.5,2.5,21.13,13.381,21.13,21.4744,12.993282,21.474403
38,0:03:05,11.5,11.5,2.5,2.5,2.5,5.51,5.51,5.51,5.51,5.48,5.48,12.34,12.34,12.34,12.34,2.5,2.5,21.13,13.381,21.13,21.4744,12.993282,21.474403
39,0:03:10,11.5,11.5,2.5,2.5,2.5,5.51,5.51,5.51,5.51,5.48,5.48,12.34,12.34,12.34,12.34,2.5,2.5,21.13,13.381,21.13,21.4744,12.993282,21.474403
40,0:03:15,11.5,11.5,2.5,2.5,2.5,5.51,5.51,5.51,5.51,5.48,5.48,12.34,12.34,12.34,12.34,2.5,2.5,21.13,13.381,21.13,21.4744,12.993282,21.474403
41,0:03:20,11.5,11.5,2.5,2.5,2.5,5.51,5.51,5.51,5.51,5.48,5.48,12.34,12.34,12.34,12.34,2.5,2.5,21.13,13.381,21.13,21.4744,12.993282,21.474403
42,0:03:25,11.5,11.5,2.5,2.5,2.5,5.51,5.51,5.51,5.51,5.48,5.48,12.34,12.34,12.34,12.34,2.5,2.5,21.13,13.381,21.13,21.4744,12.993282,21.474403
43,0:03:30,11.5,11.5,2.5,2.5,2.5,5.51,5.51,5.51,5.51,5.48,5.48,12.34,12.34,12.34,12.34,2.5,2.5,21.13,13.381,21.13,21.4744,12.993282,21.474403
44,0:03:35,11.5,11.5,2.5,2.5,2.5,5.51,5.51,5.51,5.51,5.48,5.48,12.34,12.34,12.34,12.34,2.5,2.5,21.13,13.381,21.13,21.4744,12.993282,21.474403
45,0:03:40,11.5,11.5,2.5,2.5,2.5,5.51,5.51,5.51,5.51,5.48,5.48,12.34,12.34,12.34,12.34,2.5,2.5,21.13,13.381,21.13,21.4744,12.993282,21.474403
46,0:03:45,11.5,11.5,2.5,2.5,2.5,5.51,5.51,5.51,5.51,5.48,5.48,12.34,12.34,12.34,12.34,2.5,2.5,21.13,13.381,21.13,21.4744,12.993282,21.474403
47,0:03:50,11.5,11.5,2.5,2.5,2.5,5.51,5.51,5.51,5.51,5.48,5.48,12.34,12.34,12.34,12.34,2.5,2.5,21.13,13.381,21.13,21.4744,12.993282,21.474403
48,0:03:55,11.5,11.5,2.5,2.5,2.5,5.51,5.51,5.51,5.51,5.48,5.48,12.34,12.34,12.34,12.34,2.5,2.5,21.13,13.381,21.13,21.4744,12.993282,21.474403
49,0:04:00,11.5,11.5,2.5,2.5,2.5,5.51,5.51,5.51,5.51,5.48,5.48,12.34,12.34,12.34,12.34,2.5,2.5,21.13,13.381,21.13,21.4744,12.993282,21.474403
50,0:04:05,11.5,11.5,2.5,2.5,2.5,5.51,5.51,5.51,5.51,5.48,5.48,12.34,12.34,12.34,12.34,2.5,2.5,21.13,13.381,21.13,21.4744,12.993282,21.474403
51,0:04:10,11.5,11.5,2.5,2.5,2.5,5.51,5.51,5.51,5.51,5.48,5.48,12.34,12.34,12.34,12.34,2.5,2.5,21.13,13.381,21.13,21.4744,12.993282,21.474403
52,0:04:15,11.5,11.5,2.5,2.5,2.5,5.51,5.51,5.51,5.51,5.48,5.48,12.34,12.34,12.34,12.34,2.5,2.5,21.13,13.381,21.13,21.4744,12.993282,21.474403
53,0:04:20,11.5,11.5,2.5,2.5,2.5,5.51,5.51,5.51,5.51,5.48,5.48,12.34,12.34,12.34,12.34,2.5,2.5,21.13,13.381,21.13,21.4744,12.993282,21.474403
54,0:04:25,11.5,11.5,2.5,2.5,2.5,5.51,5.51,5.51,5.51,5.48,5.48,12.34,12.34,12.34,12.34,2.5,2.5,21.13,13.381,21.13,21.4744,12.993282,21.474403
55,0:04:30,11.5,11.5,2.5,2.5,2.5,5.51,5.51,5.51,5.51,5.48,5.48,12.34,12.34,12.34,12.34,2.5,2.5,21.13,13.381,21.13,21.4744,12.993282,21.474403
56,0:04:35,11.5,11.5,2.5,2.5,2.5,5.51,5.51,5.51,5.51,5.48,5.48,12.34,12.34,12.34,12.34,2.5,2.5,21.13,13.381,21.13,21.4744,12.993282,21.474403
57,0:04:40,11.5,11.5,2.5,2.5,2.5,5.51,5.51,5.51,5.51,5.48,5.48,12.34,12.34,12.34,12.34,2.5,2.5,21.13,13.381,21.13,21.4744,12.993282,21.474403
58,0:04:45,11.5,11.5,2.5,2.5,2.5,5.51,5.51,5.51,5.51,5.48,5.48,12.34,12.34,12.34,12.34,2.5,2.5,21.13,13.381,21.13,21.4744,12.993282,21.474403
59,0:04:50,11.5,11.5,2.5,2.5,2.5,5.51,5.51,5.51,5.51,5.48,5.48,12.34,12.34,12.34,12.34,2.5,2.5,21.13,13.381,21.13,21.4744,12.993282,21.474403
60,0:04:55,11.5,11.5,2.5,2.5,2.5,5.51,5.51,5.51,5.51,5.48,5.48,12.34,12.34,12.34,12.34,2.5,2.5,21.13,13.381,21.13,21.4744,12.993282,21.474403
61,0:05:00,11.5,11.5,2.5,2.5,2.5,5.51,5.51,5.51,5.51,5.48,5.48,12.34,12.34,12.34,12.34,2.5,2.5,21.13,13.381,21.13,21.4744,12.993282,21.474403
62,0:05:05,11.5,11.5,2.5,2.5,2.5,5.51,5.51,5.51,5.51,5.48,5.48,12.34,12.34,12.34,12.34,2.5,2.5,21.13,13.381,21.13,21.4744,12.993282,21.474403
63,0:05:10,11.5,11.5,2.5,2.5,2.5,5.51,5.51,5.51,5.51,5.48,5.48,12.34,12.34,12.34,12.34,2.5,2.5,21.13,13.381,21.13,21.4744,12.993282,21.474403
64,0:05:15,11.5,11.5,2.5,2.5,2.5,5.51,5.51,5.51,5.51,5.48,5.48,12.34,12.34,12.34,12.34,2.5,2.5,21.13,13.381,21.13,21.4744,12.993282,21.474403
65,0:05:20,11.5,11.5,2.5,2.5,2.5,5.51,5.51,5.51,5.51,5.48,5.48,12.34,12.34,12.34,12.34,2.5,2.5,21.13,13.381,21.13,21.4744,12.993282,21.474403
66,0:05:25,11.5,11.5,2.5,2.5,2.5,5.51,5.51,5.51,5.51,5.48,5.48,12.34,12.34,12.34,12.34,2.5,2.5,21.13,13.381,21.13,21.4744,12.993282,21.474403
67,0:05:30,11.5,11.5,2.5,2.5,2.5,5.51,5.51,5.51,5.51,5.48,5.48,12.34,12.34,12.34,12.34,2.5,2.5,21.13,13.381,21.13,21.4744,12.993282,21.474403
68,0:05:35,11.5,11.5,2.5,2.5,2.5,5.51,5.51,5.51,5.51,5.48,5.48,12.34,12.34,12.34,12.34,2.5,2.5,21.13,13.381,21.13,21.4744,12.993282,21.474403
69,0:05:40,11.5,11.5,2.5,2.5,2.5,5.51,5.51,5.51,5.51,5.48,5.48,12.34,12.34,12.34,12.34,2.5,2.5,21.13,13.381,21.13,21.4744,12.993282,21.474403
70,0:05:45,11.5,11.5,2.5,2.5,2.5,5.51,5.51,5.51,5.51,5.48,5.48,12.34,12.34,12.34,12.34,2.5,2.5,21.13,13.381,21.13,21.4744,12.993282,21.474403
71,0:05:50,11.5,11.5,2.5,2.5,2.5,5.51,5.51,5.51,5.51,5.48,5.48,12.34,12.34,12.34,12.34,2.5,2.5,21.13,13.381,21.13,21.4744,12.993282,21.474403
72,0:05:55,11.5,11.5,2.5,2.5,2.5,5.51,5.51,5.51,5.51,5.48,5.48,12.34,12.34,12.34,12.34,2.5,2.5,21.13,13.381,21.13,21.4744,12.993282,21.474403
73,0:06:00,11.5,11.5,2.5,2.5,2.5,5.51,5.51,5.51,5.51,5.48,5.48,12.34,12.34,12.34,12.34,2.5,2.5,21.13,13.381,21.13,21.4744,12.993282,21.474403
74,0:06:05,11.5,11.5,2.5,2.5,2.5,5.51,5.51,5.51,5.51,5.48,5.48,12.34,12.34,12.34,12.34,2.5,2.5,21.13,13.381,21.13,21.4744,12.993282,21.474403
75,0:06:10,11.5,11.5,2.5,2.5,2.5,5.51,5.51,5.51,5.51,5.48,5.48,12.34,12.34,12.34,12.34,2.5,2.5,21.13,13.381,21.13,21.4744,12.993282,21.474403
76,0:06:15,11.5,11.5,2.5,2.5,2.5,5.51,5.51,5.51,5.51,5.48,5.48,12.34,12.34,12.34,12.34,2.5,2.5,21.13,13.381,21.13,21.4744,12.993282,21.474403
77,0:06:20,11.5,11.5,2.5,2.5,2.5,5.51,5.51,5.51,5.51,5.48,5.48,12.34,12.34,12.34,12.34,2.5,2.5,21.13,13.381,21.13,21.4744,12.993282,21.474403
78,0:06:25,11.5,11.5,2.5,2.5,2.5,5.51,5.51,5.51,5.51,5.48,5.48,12.34,12.34,12.34,12.34,2.5,2.5,21.13,13.381,21.13,21.4744,12.993282,21.474403
79,0:06:30,11.5,11.5,2.5,2.5,2.5,5.51,5.51,5.51,5.51,5.48,5.48,12.34,12.34,12.34,12.34,2.5,2.5,21.13,13.381,21.13,21.4744,12.993282,21.474403
80,0:06:35,11.5,11.5,2.5,2.5,2.5,5.51,5.51,5.51,5.51,5.48,5.48,12.34,12.34,12.34,12.34,2.5,2.5,21.13,13.381,21.13,21.4744,12.993282,21.474403
81,0:06:40,11.5,11.5,2.5,2.5,2.5,5.51,5.51,5.51,5.51,5.48,5.48,12.34,12.34,12.34,12.34,2.5,2.5,21.13,13.381,21.13,21.4744,12.993282,21.474403
82,0:06:45,11.5,11.5,2.5,2.5,2.5,5.51,5.51,5.51,5.51,5.48,5.48,12.34,12.34,12.34,12.34,2.5,2.5,21.13,13.381,21.13,21.4744,12.993282,21.474403
83,0:06:50,11.5,11.5,2.5,2.5,2.5,5.51,5.51,5.51,5.51,5.48,5.48,12.34,12.34,12.34,12.34,2.5,2.5,21.13,13.381,21.13,21.4744,12.993282,21.474403
84,0:06:55,11.5,11.5,2.5,2.5,2.5,5.51,5.51,5.51,5.51,5.48,5.48,12.34,12.34,12.34,12.34,2.5,2.5,21.13,13.381,21.13,21.4744,12.993282,21.474403
85,0:07:00,11.5,11.5,2.5,2.5,2.5,5.51,5.51,5.51,5.51,5.48,5.48,12.34,12.34,12.34,12.34,2.5,2.5,21.13,13.381,21.13,21.4744,12.993282,21.474403
86,0:07:05,11.5,11.5,2.5,2.5,2.5,5.51,5.51,5.51,5.51,5.48,5.48,12.34,12.34,12.34,12.34,2.5,2.5,21.13,13.381,21.13,21.4744,12.993282,21.474403
87,0:07:10,11.5,11.5,2.5,2.5,2.5,5.51,5.51,5.51,5.51,5.48,5.48,12.34,12.34,12.34,12.34,2.5,2.5,21.13,13.381,21.13,21.4744,12.993282,21.474403
88,0:07:15,11.5,11.5,2.5,2.5,2.5,5.51,5.51,5.51,5.51,5.48,5.48,12.34,12.34,12.34,12.34,2.5,2.5,21.13,13.381,21.13,21.4744,12.993282,21.474403
89,0:07:20,11.5,11.5,2.5,2.5,2.5,5.51,5.51,5.51,5.51,5.48,5.48,12.34,12.34,12.34,12.34,2.5,2.5,21.13,13.381,21.13,21.4744,12.993282,21.474403
90,0:07:25,11.5,11.5,2.5,2.5,2.5,5.51,5.51,5.51,5.51,5.48,5.48,12.34,12.34,12.34,12.34,2.5,2.5,21.13,13.381,21.13,21.4744,12.993282,21.474403
91,0:07:30,11.5,11.5,2.5,2.5,2.5,5.51,5.51,5.51,5.51,5.48,5.48,12.34,12.34,12.34,12.34,2.5,2.5,21.13,13.381,21.13,21.4744,12.993282,21.474403
92,0:07:35,11.5,11.5,2.5,2.5,2.5,5.51,5.51,5.51,5.51,5.48,5.48,12.34,12.34,12.34,12.34,2.5,2.5,21.13,13.381,21.13,21.4744,12.993282,21.474403
93,0:07:40,11.5,11.5,2.5,2.5,2.5,5.51,5.51,5.51,5.51,5.48,5.48,12.34,12.34,12.34,12.34,2.5,2.5,21.13,13.381,21.13,21.4744,12.993282,21.474403
94,0:07:45,11.5,11.5,2.5,2.5,2.5,5.51,5.51,5.51,5.51,5.48,5.48,12.34,12.34,12.34,12.34,2.5,2.5,21.13,13.381,21.13,21.4744,12.993282,21.474403
95,0:07:50,11.5,11.5,2.5,2.5,2.5,5.51,5.51,5.51,5.51,5.48,5.48,12.34,12.34,12.34,12.34,2.5,2.5,21.13,13.381,21.13,21.4744,12.993282,21.474403
96,0:07:55,11.5,11.5,2.5,2.5,2.5,5.51,5.51,5.51,5.51,5.48,5.48,12.34,12.34,12.34,12.34,2.5,2.5,21.13,13.381,21.13,21.4744,12.993282,21.474403
97,0:08:00,11.5,11.5,2.5,2.5,2.5,5.51,5.51,5.51,5.51,5.48,5.48,12.34,12.34,12.34,12.34,2.5,2.5,21.13,13.381,21.13,21.4744,12.993282,21.474403
98,0:08:05,11.5,11.5,2.5,2.5,2.5,5.51,5.51,5.51,5.51,5.48,5.48,12.34,12.34,12.34,12.34,2.5,2.5,21.13,13.381,21.13,21.4744,12.993282,21.474403
99,0:08:10,11.5,11.5,2.5,2.5,2.5,5.51,5.51,5.51,5.51,5.48,5.48,12.34,12.34,12.34,12.34,2.5,2.5,21.13,13.381,21.13,21.4744,12.993282,21.474403
100,0:08:15,11.5,11.5,2.5,2.5,2.5,5.51,5.51,5.51,5.51,5.48,5.48,12.34,12.34,12.34,12.34,2.5,2.5,21.13,13.381,21.13,21.4744,12.993282,21.474403
101,0:08:20,11.5,11.5,2.5,2.5,2.5,5.51,5.51,5.51,5.51,5.48,5.48,12.34,12.34,12.34,12.34,2.5,2.5,21.13,13.381,21.13,21.4744,12.993282,21.474403
102,0:08:25,11.5,11.5,2.5,2.5,2.5,5.51,5.51,5.51,5.51,5.48,5.48,12.34,12.34,12.34,12.34,2.5,2.5,21.13,13.381,21.13,21.4744,12.993282,21.474403
103,0:08:30,11.5,11.5,2.5,2.5,2.5,5.51,5.51,5.51,5.51,5.48,5.48,12.34,12.34,12.34,12.34,2.5,2.5,21.13,13.381,21.13,21.4744,12.993282,21.474403
104,0:08:35,11.5,11.5,2.5,2.5,2.5,5.51,5.51,5.51,5.51,5.48,5.48,12.34,12.34,12.34,12.34,2.5,2.5,21.13,13.381,21.13,21.4744,12.993282,21.474403
105,0:08:40,11.5,11.5,2.5,2.5,2.5,5.51,5.51,5.51,5.51,5.48,5.48,12.34,12.34,12.34,12.34,2.5,2.5,21.13,13.381,21.13,21.4744,12.993282,21.474403
106,0:08:45,11.5,11.5,2.5,2.5,2.5,5.51,5.51,5.51,5.51,5.48,5.48,12.34,12.34,12.34,12.34,2.5,2.5,21.13,13.381,21.13,21.4744,12.993282,21.474403
107,0:08:50,11.5,11.5,2.5,2.5,2.5,5.51,5.51,5.51,5.51,5.48,5.48,12.34,12.34,12.34,12.34,2.5,2.5,21.13,13.381,21.13,21.4744,12.993282,21.474403
108,0:08:55,11.5,11.5,2.5,2.5,2.5,5.51,5.51,5.51,5.51,5.48,5.48,12.34,12.34,12.34,12.34,2.5,2.5,21.13,13.381,21.13,21.4744,12.993282,21.474403
109,0:09:00,11.5,11.5,2.5,2.5,2.5,5.51,5.51,5.51,5.51,5.48,5.48,12.34,12.34,12.34,12.34,2.5,2.5,21.13,13.381,21.13,21.4744,12.993282,21.474403
110,0:09:05,11.5,11.5,2.5,2.5,2.5,5.51,5.51,5.51,5.51,5.48,5.48,12.34,12.34,12.34,12.34,2.5,2.5,21.13,13.381,21.13,21.4744,12.993282,21.474403
111,0:09:10,11.5,11.5,2.5,2.5,2.5,5.51,5.51,5.51,5.51,5.48,5.48,12.34,12.34,12.34,12.34,2.5,2.5,21.13,13.381,21.13,21.4744,12.993282,21.474403
112,0:09:15,11.5,11.5,2.5,2.5,2.5,5.51,5.51,5.51,5.51,5.48,5.48,12.34,12.34,12.34,12.34,2.5,2.5,21.13,13.381,21.13,21.4744,12.993282,21.474403
113,0:09:20,11.5,11.5,2.5,2.5,2.5,5.51,5.51,5.51,5.51,5.48,5.48,12.34,12.34,12.34,12.34,2.5,2.5,21.13,13.381,21.13,21.4744,12.993282,21.474403
114,0:09:25,11.5,11.5,2.5,2.5,2.5,5.51,5.51,5.51,5.51,5.48,5.48,12.34,12.34,12.34,12.34,2.5,2.5,21.13,13.381,21.13,21.4744,12.993282,21.474403
115,0:09:30,11.5,11.5,2.5,2.5,2.5,5.51,5.51,5.51,5.51,5.48,5.48,12.34,12.34,12.34,12.34,2.5,2.5,21.13,13.381,21.13,21.4744,12.993282,21.474403
116,0:09:35,11.5,11.5,2.5,2.5,2.5,5.51,5.51,5.51,5.51,5.48,5.48,12.34,12.34,12.34,12.34,2.5,2.5,21.13,13.381,21.13,21.4744,12.993282,21.474403
117,0:09:40,11.5,11.5,2.5,2.5,2.5,5.51,5.51,5.51,5.51,5.48,5.48,12.34,12.34,12.34,12.34,2.5,2.5,21.13,13.381,21.13,21.4744,12.993282,21.474403
118,0:09:45,11.5,11.5,2.5,2.5,2.5,5.51,5.51,5.51,5.51,5.48,5.48,12.34,12.34,12.34,12.34,2.5,2.5,21.13,13.381,21.13,21.4744,12.993282,21.474403
119,0:09:50,11.5,11.5,2.5,2.5,2.5,5.51,5.51,5.51,5.51,5.48,5.48,12.34,12.34,12.34,12.34,2.5,2.5,21.13,13.381,21.13,21.4744,12.993282,21.474403
120,0:09:55,11.5,11.5,2.5,2.5,2.5,5.51,5.51,5.51,5.51,5.48,5.48,12.34,12.34,12.34,12.34,2.5,2.5,21.13,13.381,21.13,21.4744,12.993282,21.474403
121,0:10:00,11.5,11.5,2.5,2.5,2.5,5.51,5.51,5.51,5.51,5.48,5.48,12.34,12.34,12.34,12.34,2.5,2.5,21.13,13.381,21.13,21.4744,12.993282,21.474403
122,0:10:05,11.5,11.5,2.5,2.5,2.5,5.51,5.51,5.51,5.51,5.48,5.48,12.34,12.34,12.34,12.34,2.5,2.5,21.13,13.381,21.13,21.4744,12.993282,21.474403
123,0:10:10,11.5,11.5,2.5,2.5,2.5,5.51,5.51,5.51,5.51,5.48,5.48,12.34,12.34,12.34,12.34,2.5,2.5,21.13,13.381,21.13,21.4744,12.993282,21.474403
124,0:10:15,11.5,11.5,2.5,2.5,2.5,5.51,5.51,5.51,5.51,5.48,5.48,12.34,12.34,12.34,12.34,2.5,2.5,21.13,13.381,21.13,21.4744,12.993282,21.474403
125,0:10:20,11.5,11.5,2.5,2.5,2.5,5.51,5.51,5.51,5.51,5.48,5.48,12.34,12.34,12.34,12.34,2.5,2.5,21.13,13.381,21.13,21.4744,12.993282,21.474403
126,0:10:25,11.5,11.5,2.5,2.5,2.5,5.51,5.51,5.51,5.51,5.48,5.48,12.34,12.34,12.34,12.34,2.5,2.5,21.13,13.381,21.13,21.4744,12.993282,21.474403
127,0:10:30,11.5,11.5,2.5,2.5,2.5,5.51,5.51,5.51,5.51,5.48,5.48,12.34,12.34,12.34,12.34,2.5,2.5,21.13,13.381,21.13,21.4744,12.993282,21.474403
128,0:10:35,11.5,11.5,2.5,2.5,2.5,5.51,5.51,5.51,5.51,5.48,5.48,12.34,12.34,12.34,12.34,2.5,2.5,21.13,13.381,21.13,21.4744,12.993282,21.474403
129,0:10:40,11.5,11.5,2.5,2.5,2.5,5.51,5.51,5.51,5.51,5.48,5.48,12.34,12.34,12.34,12.34,2.5,2.5,21.13,13.381,21.13,21.4744,12.993282,21.474403
130,0:10:45,11.5,11.5,2.5,2.5,2.5,5.51,5.51,5.51,5.51,5.48,5.48,12.34,12.34,12.34,12.34,2.5,2.5,21.13,13.381,21.13,21.4744,12.993282,21.474403
131,0:10:50,11.5,11.5,2.5,2.5,2.5,5.51,5.51,5.51,5.51,5.48,5.48,12.34,12.34,12.34,12.34,2.5,2.5,21.13,13.381,21.13,21.4744,12.993282,21.474403
132,0:10:55,11.5,11.5,2.5,2.5,2.5,5.51,5.51,5.51,5.51,5.48,5.48,12.34,12.34,12.34,12.34,2.5,2.5,21.13,13.381,21.13,21.4744,12.993282,21.474403
133,0:11:00,11.5,11.5,2.5,2.5,2.5,5.51,5.51,5.51,5.51,5.48,5.48,12.34,12.34,12.34,12.34,2.5,2.5,21.13,13.381,21.13,21.4744,12.993282,21.474403
134,0:11:05,11.5,11.5,2.5,2.5,2.5,5.51,5.51,5.51,5.51,5.48,5.48,12.34,12.34,12.34,12.34,2.5,2.5,21.13,13.381,21.13,21.4744,12.993282,21.474403
135,0:11:10,11.5,11.5,2.5,2.5,2.5,5.51,5.51,5.51,5.51,5.48,5.48,12.34,12.34,12.34,12.34,2.5,2.5,21.13,13.381,21.13,21.4744,12.993282,21.474403
136,0:11:15,11.5,11.5,2.5,2.5,2.5,5.51,5.51,5.51,5.51,5.48,5.48,12.34,12.34,12.34,12.34,2.5,2.5,21.13,13.381,21.13,21.4744,12.993282,21.474403
137,0:11:20,11.5,11.5,2.5,2.5,2.5,5.51,5.51,5.51,5.51,5.48,5.48,12.34,12.34,12.34,12.34,2.5,2.5,21.13,13.381,21.13,21.4744,12.993282,21.474403
138,0:11:25,11.5,11.5,2.5,2.5,2.5,5.51,5.51,5.51,5.51,5.48,5.48,12.34,12.34,12.34,12.34,2.5,2.5,21.13,13.381,21.13,21.4744,12.993282,21.474403
139,0:11:30,11.5,11.5,2.5,2.5,2.5,5.51,5.51,5.51,5.51,5.48,5.48,12.34,12.34,12.34,12.34,2.5,2.5,21.13,13.381,21.13,21.4744,12.993282,21.474403
140,0:11:35,11.5,11.5,2.5,2.5,2.5,5.51,5.51,5.51,5.51,5.48,5.48,12.34,12.34,12.34,12.34,2.5,2.5,21.13,13.381,21.13,21.4744,12.993282,21.474403
141,0:11:40,11.5,11.5,2.5,2.5,2.5,5.51,5.51,5.51,5.51,5.48,5.48,12.34,12.34,12.34,12.34,2.5,2.5,21.13,13.381,21.13,21.4744,12.993282,21.474403
142,0:11:45,11.5,11.5,2.5,2.5,2.5,5.51,5.51,5.51,5.51,5.48,5.48,12.34,12.34,12.34,12.34,2.5,2.5,21.13,13.381,21.13,21.4744,12.993282,21.474403
143,0:11:50,11.5,11.5,2.5,2.5,2.5,5.51,5.51,5.51,5.51,5.48,5.48,12.34,12.34,12.34,12.34,2.5,2.5,21.13,13.381,21.13,21.4744,12.993282,21.474403
144,0:11:55,11.5,11.5,2.5,2.5,2.5,5.51,5.51,5.51,5.51,5.48,5.48,12.34,12.34,12.34,12.34,2.5,2.5,21.13,13.381,21.13,21.4744,12.993282,21.474403
145,0:12:00,11.5,11.5,2.5,2.5,2.5,5.51,5.51,5.51,5.51,5.48,5.48,12.34,12.34,12.34,12.34,2.5,2.5,21.13,13.381,21.13,21.4744,12.993282,21.474403
146,0:12:05,11.5,11.5,2.5,2.5,2.5,5.51,5.51,5.51,5.51,5.48,5.48,12.34,12.34,12.34,12.34,2.5,2.5,21.13,13.381,21.13,21.4744,12.993282,21.474403
147,0:12:10,11.5,11.5,2.5,2.5,2.5,5.51,5.51,5.51,5.51,5.48,5.48,12.34,12.34,12.34,12.34,2.5,2.5,21.13,13.381,21.13,21.4744,12.993282,21.474403
148,0:12:15,11.5,11.5,2.5,2.5,2.5,5.51,5.51,5.51,5.51,5.48,5.48,12.34,12.34,12.34,12.34,2.5,2.5,21.13,13.381,21.13,21.4744,12.993282,21.474403
149,0:12:20,11.5,11.5,2.5,2.5,2.5,5.51,5.51,5.51,5.51,5.48,5.48,12.34,12.34,12.34,12.34,2.5,2.5,21.13,13.381,21.13,21.4744,12.993282,21.474403
150,0:12:25,11.5,11.5,2.5,2.5,2.5,5.51,5.51,5.51,5.51,5.48,5.48,12.34,12.34,12.34,12.34,2.5,2.5,21.13,13.381,21.13,21.4744,12.993282,21.474403
151,0:12:30,11.5,11.5,2.5,2.5,2.5,5.51,5.51,5.51,5.51,5.48,5.48,12.34,12.34,12.34,12.34,2.5,2.5,21.13,13.381,21.13,21.4744,12.993282,21.474403
152,0:12:35,11.5,11.5,2.5,2.5,2.5,5.51,5.51,5.51,5.51,5.48,5.48,12.34,12.34,12.34,12.34,2.5,2.5,21.13,13.381,21.13,21.4744,12.993282,21.474403
153,0:12:40,11.5,11.5,2.5,2.5,2.5,5.51,5.51,5.51,5.51,5.48,5.48,12.34,12.34,12.34,12.34,2.5,2.5,21.13,13.381,21.13,21.4744,12.993282,21.474403
154,0:12:45,11.5,11.5,2.5,2.5,2.5,5.51,5.51,5.51,5.51,5.48,5.48,12.34,12.34,12.34,12.34,2.5,2.5,21.13,13.381,21.13,21.4744,12.993282,21.474403
155,0:12:50,11.5,11.5,2.5,2.5,2.5,5.51,5.51,5.51,5.51,5.48,5.48,12.34,12.34,12.34,12.34,2.5,2.5,21.13,13.381,21.13,21.4744,12.993282,21.474403
156,0:12:55,11.5,11.5,2.5,2.5,2.5,5.51,5.51,5.51,5.51,5.48,5.48,12.34,12.34,12.34,12.34,2.5,2.5,21.13,13.381,21.13,21.4744,12.993282,21.474403
157,0:13:00,11.5,11.5,2.5,2.5,2.5,5.51,5.51,5.51,5.51,5.48,5.48,12.34,12.34,12.34,12.34,2.5,2.5,21.13,13.381,21.13,21.4744,12.993282,21.474403
158,0:13:05,11.5,11.5,2.5,2.5,2.5,5.51,5.51,5.51,5.51,5.48,5.48,12.34,12.34,12.34,12.34,2.5,2.5,21.13,13.381,21.13,21.4744,12.993282,21.474403
159,0:13:10,11.5,11.5,2.5,2.5,2.5,5.51,5.51,5.51,5.51,5.48,5.48,12.34,12.34,12.34,12.34,2.5,2.5,21.13,13.381,21.13,21.4744,12.993282,21.474403
160,0:13:15,11.5,11.5,2.5,2.5,2.5,5.51,5.51,5.51,5.51,5.48,5.48,12.34,12.34,12.34,12.34,2.5,2.5,21.13,13.381,21.13,21.4744,12.993282,21.474403
161,0:13:20,11.5,11.5,2.5,2.5,2.5,5.51,5.51,5.51,5.51,5.48,5.48,12.34,12.34,12.34,12.34,2.5,2.5,21.13,13.381,21.13,21.4744,12.993282,21.474403
162,0:13:25,11.5,11.5,2.5,2.5,2.5,5.51,5.51,5.51,5.51,5.48,5.48,12.34,12.34,12.34,12.34,2.5,2.5,21.13,13.381,21.13,21.4744,12.993282,21.474403
163,0:13:30,11.5,11.5,2.5,2.5,2.5,5.51,5.51,5.51,5.51,5.48,5.48,12.34,12.34,12.34,12.34,2.5,2.5,21.13,13.381,21.13,21.4744,12.993282,21.474403
164,0:13:35,11.5,11.5,2.5,2.5,2.5,5.51,5.51,5.51,5.51,5.48,5.48,12.34,12.34,12.34,12.34,2.5,2.5,21.13,13.381,21.13,21.4744,12.993282,21.474403
165,0:13:40,11.5,11.5,2.5,2.5,2.5,5.51,5.51,5.51,5.51,5.48,5.48,12.34,12.34,12.34,12.34,2.5,2.5,21.13,13.381,21.13,21.4744,12.993282,21.474403
166,0:13:45,11.5,11.5,2.5,2.5,2.5,5.51,5.51,5.51,5.51,5.48,5.48,12.34,12.34,12.34,12.34,2.5,2.5,21.13,13.381,21.13,21.4744,12.993282,21.474403
167,0:13:50,11.5,11.5,2.5,2.5,2.5,5.51,5.51,5.51,5.51,5.48,5.48,12.34,12.34,12.34,12.34,2.5,2.5,21.13,13.381,21.13,21.4744,12.993282,21.474403
168,0:13:55,11.5,11.5,2.5,2.5,2.5,5.51,5.51,5.51,5.51,5.48,5.48,12.34,12.34,12.34,12.34,2.5,2.5,21.13,13.381,21.13,21.4744,12.993282,21.474403
169,0:14:00,11.5,11.5,2.5,2.5,2.5,5.51,5.51,5.51,5.51,5.48,5.48,12.34,12.34,12.34,12.34,2.5,2.5,21.13,13.381,21.13,21.4744,12.993282,21.474403
170,0:14:05,11.5,11.5,2.5,2.5,2.5,5.51,5.51,5.51,5.51,5.48,5.48,12.34,12.34,12.34,12.34,2.5,2.5,21.13,13.381,21.13,21.4744,12.993282,21.474403
171,0:14:10,11.5,11.5,2.5,2.5,2.5,5.51,5.51,5.51,5.51,5.48,5.48,12.34,12.34,12.34,12.34,2.5,2.5,21.13,13.381,21.13,21.4744,12.993282,21.474403
172,0:14:15,11.5,11.5,2.5,2.5,2.5,5.51,5.51,5.51,5.51,5.48,5.48,12.34,12.34,12.34,12.34,2.5,2.5,21.13,13.381,21.13,21.4744,12.993282,21.474403
173,0:14:20,11.5,11.5,2.5,2.5,2.5,5.51,5.51,5.51,5.51,5.48,5.48,12.34,12.34,12.34,12.34,2.5,2.5,21.13,13.381,21.13,21.4744,12.993282,21.474403
174,0:14:25,11.5,11.5,2.5,2.5,2.5,5.51,5.51,5.51,5.51,5.48,5.48,12.34,12.34,12.34,12.34,2.5,2.5,21.13,13.381,21.13,21.4744,12.993282,21.474403
175,0:14:30,11.5,11.5,2.5,2.5,2.5,5.51,5.51,5.51,5.51,5.48,5.48,12.34,12.34,12.34,12.34,2.5,2.5,21.13,13.381,21.13,21.4744,12.993282,21.474403
176,0:14:35,11.5,11.5,2.5,2.5,2.5,5.51,5.51,5.51,5.51,5.48,5.48,12.34,12.34,12.34,12.34,2.5,2.5,21.13,13.381,21.13,21.4744,12.993282,21.474403
177,0:14:40,11.5,11.5,2.5,2.5,2.5,5.51,5.51,5.51,5.51,5.48,5.48,12.34,12.34,12.34,12.34,2.5,2.5,21.13,13.381,21.13,21.4744,12.993282,21.474403
178,0:14:45,11.5,11.5,2.5,2.5,2.5,5.51,5.51,5.51,5.51,5.48,5.48,12.34,12.34,12.34,12.34,2.5,2.5,21.13,13.381,21.13,21.4744,12.993282,21.474403
179,0:14:50,11.5,11.5,2.5,2.5,2.5,5.51,5.51,5.51,5.51,5.48,5.48,12.34,12.34,12.34,12.34,2.5,2.5,21.13,13.381,21.13,21.4744,12.993282,21.474403
180,0:14:55,11.5,11.5,2.5,2.5,2.5,5.51,5.51,5.51,5.51,5.48,5.48,12.34,12.34,12.34,12.34,2.5,2.5,21.13,13.381,21.13,21.4744,12.993282,21.474403
181,0:15:00,11.5,11.5,2.5,2.5,2.5,5.51,5.51,5.51,5.51,5.48,5.48,12.34,12.34,12.34,12.34,2.5,2.5,21.13,13.381,21.13,21.4744,12.993282,21.474403
182,0:15:05,11.5,11.5,2.5,2.5,2.5,5.51,5.51,5.51,5.51,5.48,5.48,12.34,12.34,12.34,12.34,2.5,2.5,21.13,13.381,21.13,21.4744,12.993282,21.474403
183,0:15:10,11.5,11.5,2.5,2.5,2.5,5.51,5.51,5.51,5.51,5.48,5.48,12.34,12.34,12.34,12.34,2.5,2.5,21.13,13.381,21.13,21.4744,12.993282,21.474403
184,0:15:15,11.5,11.5,2.5,2.5,2.5,5.51,5.51,5.51,5.51,5.48,5.48,12.34,12.34,12.34,12.34,2.5,2.5,21.13,13.381,21.13,21.4744,12.993282,21.474403
185,0:15:20,11.5,11.5,2.5,2.5,2.5,5.51,5.51,5.51,5.51,5.48,5.48,12.34,12.34,12.34,12.34,2.5,2.5,21.13,13.381,21.13,21.4744,12.993282,21.474403
186,0:15:25,11.5,11.5,2.5,2.5,2.5,5.51,5.51,5.51,5.51,5.48,5.48,12.34,12.34,12.34,12.34,2.5,2.5,21.13,13.381,21.13,21.4744,12.993282,21.474403
187,0:15:30,11.5,11.5,2.5,2.5,2.5,5.51,5.51,5.51,5.51,5.48,5.48,12.34,12.34,12.34,12.34,2.5,2.5,21.13,13.381,21.13,21.4744,12.993282,21.474403
188,0:15:35,11.5,11.5,2.5,2.5,2.5,5.51,5.51,5.51,5.51,5.48,5.48,12.34,12.34,12.34,12.34,2.5,2.5,21.13,13.381,21.13,21.4744,12.993282,21.474403
189,0:15:40,11.5,11.5,2.5,2.5,2.5,5.51,5.51,5.51,5.51,5.48,5.48,12.34,12.34,12.34,12.34,2.5,2.5,21.13,13.381,21.13,21.4744,12.993282,21.474403
190,0:15:45,11.5,11.5,2.5,2.5,2.5,5.51,5.51,5.51,5.51,5.48,5.48,12.34,12.34,12.34,12.34,2.5,2.5,21.13,13.381,21.13,21.4744,12.993282,21.474403
191,0:15:50,11.5,11.5,2.5,2.5,2.5,5.51,5.51,5.51,5.51,5.48,5.48,12.34,12.34,12.34,12.34,2.5,2.5,21.13,13.381,21.13,21.4744,12.993282,21.474403
192,0:15:55,11.5,11.5,2.5,2.5,2.5,5.51,5.51,5.51,5.51,5.48,5.48,12.34,12.34,12.34,12.34,2.5,2.5,21.13,13.381,21.13,21.4744,12.993282,21.474403
193,0:16:00,11.5,11.5,2.5,2.5,2.5,5.51,5.51,5.51,5.51,5.48,5.48,12.34,12.34,12.34,12.34,2.5,2.5,21.13,13.381,21.13,21.4744,12.993282,21.474403
194,0:16:05,11.5,11.5,2.5,2.5,2.5,5.51,5.51,5.51,5.51,5.48,5.48,12.34,12.34,12.34,12.34,2.5,2.5,21.13,13.381,21.13,21.4744,12.993282,21.474403
195,0:16:10,11.5,11.5,2.5,2.5,2.5,5.51,5.51,5.51,5.51,5.48,5.48,12.34,12.34,12.34,12.34,2.5,2.5,21.13,13.381,21.13,21.4744,12.993282,21.474403
196,0:16:15,11.5,11.5,2.5,2.5,2.5,5.51,5.51,5.51,5.51,5.48,5.48,12.34,12.34,12.34,12.34,2.5,2.5,21.13,13.381,21.13,21.4744,12.993282,21.474403
197,0:16:20,11.5,11.5,2.5,2.5,2.5,5.51,5.51,5.51,5.51,5.48,5.48,12.34,12.34,12.34,12.34,2.5,2.5,21.13,13.381,21.13,21.4744,12.993282,21.474403
198,0:16:25,11.5,11.5,2.5,2.5,2.5,5.51,5.51,5.51,5.51,5.48,5.48,12.34,12.34,12.34,12.34,2.5,2.5,21.13,13.381,21.13,21.4744,12.993282,21.474403
199,0:16:30,11.5,11.5,2.5,2.5,2.5,5.51,5.51,5.51,5.51,5.48,5.48,12.34,12.34,12.34,12.34,2.5,2.5,21.13,13.381,21.13,21.4744,12.993282,21.474403
200,0:16:35,11.5,11.5,2.5,2.5,2.5,5.51,5.51,5.51,5.51,5.48,5.48,12.34,12.34,12.34,12.34,2.5,2.5,21.13,13.381,21.13,21.4744,12.993282,21.474403
201,0:16:40,11.5,11.5,2.5,2.5,2.5,5.51,5.51,5.51,5.51,5.48,5.48,12.34,12.34,12.34,12.34,2.5,2.5,21.13,13.381,21.13,21.4744,12.993282,21.474403
202,0:16:45,11.5,11.5,2.5,2.5,2.5,5.51,5.51,5.51,5.51,5.48,5.48,12.34,12.34,12.34,12.34,2.5,2.5,21.13,13.381,21.13,21.4744,12.993282,21.474403
203,0:16:50,11.5,11.5,2.5,2.5,2.5,5.51,5.51,5.51,5.51,5.48,5.48,12.34,12.34,12.34,12.34,2.5,2.5,21.13,13.381,21.13,21.4744,12.993282,21.474403
204,0:16:55,11.5,11.5,2.5,2.5,2.5,5.51,5.51,5.51,5.51,5.48,5.48,12.34,12.34,12.34,12.34,2.5,2.5,21.13,13.381,21.13,21.4744,12.993282,21.474403
205,0:17:00,11.5,11.5,2.5,2.5,2.5,5.51,5.51,5.51,5.51,5.48,5.48,12.34,12.34,12.34,12.34,2.5,2.5,21.13,13.381,21.13,21.4744,12.993282,21.474403
206,0:17:05,11.5,11.5,2.5,2.5,2.5,5.51,5.51,5.51,5.51,5.48,5.48,12.34,12.34,12.34,12.34,2.5,2.5,21.13,13.381,21.13,21.4744,12.993282,21.474403
207,0:17:10,11.5,11.5,2.5,2.5,2.5,5.51,5.51,5.51,5.51,5.48,5.48,12.34,12.34,12.34,12.34,2.5,2.5,21.13,13.381,21.13,21.4744,12.993282,21.474403
208,0:17:15,11.5,11.5,2.5,2.5,2.5,5.51,5.51,5.51,5.51,5.48,5.48,12.34,12.34,12.34,12.34,2.5,2.5,21.13,13.381,21.13,21.4744,12.993282,21.474403
209,0:17:20,11.5,11.5,2.5,2.5,2.5,5.51,5.51,5.51,5.51,5.48,5.48,12.34,12.34,12.34,12.34,2.5,2.5,21.13,13.381,21.13,21.4744,12.993282,21.474403
210,0:17:25,11.5,11.5,2.5,2.5,2.5,5.51,5.51,5.51,5.51,5.48,5.48,12.34,12.34,12.34,12.34,2.5,2.5,21.13,13.381,21.13,21.4744,12.993282,21.474403
211,0:17:30,11.5,11.5,2.5,2.5,2.5,5.51,5.51,5.51,5.51,5.48,5.48,12.34,12.34,12.34,12.34,2.5,2.5,21.13,13.381,21.13,21.4744,12.993282,21.474403
212,0:17:35,11.5,11.5,2.5,2.5,2.5,5.51,5.51,5.51,5.51,5.48,5.48,12.34,12.34,12.34,12.34,2.5,2.5,21.13,13.381,21.13,21.4744,12.993282,21.474403
213,0:17:40,11.5,11.5,2.5,2.5,2.5,5.51,5.51,5.51,5.51,5.48,5.48,12.34,12.34,12.34,12.34,2.5,2.5,21.13,13.381,21.13,21.4744,12.993282,21.474403
214,0:17:45,11.5,11.5,2.5,2.5,2.5,5.51,5.51,5.51,5.51,5.48,5.48,12.34,12.34,12.34,12.34,2.5,2.5,21.13,13.381,21.13,21.4744,12.993282,21.474403
215,0:17:50,11.5,11.5,2.5,2.5,2.5,5.51,5.51,5.51,5.51,5.48,5.48,12.34,12.34,12.34,12.34,2.5,2.5,21.13,13.381,21.13,21.4744,12.993282,21.474403
216,0:17:55,11.5,11.5,2.5,2.5,2.5,5.51,5.51,5.51,5.51,5.48,5.48,12.34,12.34,12.34,12.34,2.5,2.5,21.13,13.381,21.13,21.4744,12.993282,21.474403
217,0:18:00,11.5,11.5,2.5,2.5,2.5,5.51,5.51,5.51,5.51,5.48,5.48,12.34,12.34,12.34,12.34,2.5,2.5,21.13,13.381,21.13,21.4744,12.993282,21.474403
218,0:18:05,11.5,11.5,2.5,2.5,2.5,5.51,5.51,5.51,5.51,5.48,5.48,12.34,12.34,12.34,12.34,2.5,2.5,21.13,13.381,21.13,21.4744,12.993282,21.474403
219,0:18:10,11.5,11.5,2.5,2.5,2.5,5.51,5.51,5.51,5.51,5.48,5.48,12.34,12.34,12.34,12.34,2.5,2.5,21.13,13.381,21.13,21.4744,12.993282,21.474403
220,0:18:15,11.5,11.5,2.5,2.5,2.5,5.51,5.51,5.51,5.51,5.48,5.48,12.34,12.34,12.34,12.34,2.5,2.5,21.13,13.381,21.13,21.4744,12.993282,21.474403
221,0:18:20,11.5,11.5,2.5,2.5,2.5,5.51,5.51,5.51,5.51,5.48,5.48,12.34,12.34,12.34,12.34,2.5,2.5,21.13,13.381,21.13,21.4744,12.993282,21.474403
222,0:18:25,11.5,11.5,2.5,2.5,2.5,5.51,5.51,5.51,5.51,5.48,5.48,12.34,12.34,12.34,12.34,2.5,2.5,21.13,13.381,21.13,21.4744,12.993282,21.474403
223,0:18:30,11.5,11.5,2.5,2.5,2.5,5.51,5.51,5.51,5.51,5.48,5.48,12.34,12.34,12.34,12.34,2.5,2.5,21.13,13.381,21.13,21.4744,12.993282,21.474403
224,0:18:35,11.5,11.5,2.5,2.5,2.5,5.51,5.51,5.51,5.51,5.48,5.48,12.34,12.34,12.34,12.34,2.5,2.5,21.13,13.381,21.13,21.4744,12.993282,21.474403
225,0:18:40,11.5,11.5,2.5,2.5,2.5,5.51,5.51,5.51,5.51,5.48,5.48,12.34,12.34,12.34,12.34,2.5,2.5,21.13,13.381,21.13,21.4744,12.993282,21.474403
226,0:18:45,11.5,11.5,2.5,2.5,2.5,5.51,5.51,5.51,5.51,5.48,5.48,12.34,12.34,12.34,12.34,2.5,2.5,21.13,13.381,21.13,21.4744,12.993282,21.474403
227,0:18:50,11.5,11.5,2.5,2.5,2.5,5.51,5.51,5.51,5.51,5.48,5.48,12.34,12.34,12.34,12.34,2.5,2.5,21.13,13.381,21.13,21.4744,12.993282,21.474403
228,0:18:55,11.5,11.5,2.5,2.5,2.5,5.51,5.51,5.51,5.51,5.48,5.48,12.34,12.34,12.34,12.34,2.5,2.5,21.13,13.381,21.13,21.4744,12.993282,21.474403
229,0:19:00,11.5,11.5,2.5,2.5,2.5,5.51,5.51,5.51,5.51,5.48,5.48,12.34,12.34,12.34,12.34,2.5,2.5,21.13,13.381,21.13,21.4744,12.993282,21.474403
230,0:19:05,11.5,11.5,2.5,2.5,2.5,5.51,5.51,5.51,5.51,5.48,5.48,12.34,12.34,12.34,12.34,2.5,2.5,21.13,13.381,21.13,21.4744,12.993282,21.474403
231,0:19:10,11.5,11.5,2.5,2.5,2.5,5.51,5.51,5.51,5.51,5.48,5.48,12.34,12.34,12.34,12.34,2.5,2.5,21.13,13.381,21.13,21.4744,12.993282,21.474403
232,0:19:15,11.5,11.5,2.5,2.5,2.5,5.51,5.51,5.51,5.51,5.48,5.48,12.34,12.34,12.34,12.34,2.5,2.5,21.13,13.381,21.13,21.4744,12.993282,21.474403
233,0:19:20,11.5,11.5,2.5,2.5,2.5,5.51,5.51,5.51,5.51,5.48,5.48,12.34,12.34,12.34,12.34,2.5,2.5,21.13,13.381,21.13,21.4744,12.993282,21.474403
234,0:19:25,11.5,11.5,2.5,2.5,2.5,5.51,5.51,5.51,5.51,5.48,5.48,12.34,12.34,12.34,12.34,2.5,2.5,21.13,13.381,21.13,21.4744,12.993282,21.474403
235,0:19:30,11.5,11.5,2.5,2.5,2.5,5.51,5.51,5.51,5.51,5.48,5.48,12.34,12.34,12.34,12.34,2.5,2.5,21.13,13.381,21.13,21.4744,12.993282,21.474403
236,0:19:35,11.5,11.5,2.5,2.5,2.5,5.51,5.51,5.51,5.51,5.48,5.48,12.34,12.34,12.34,12.34,2.5,2.5,21.13,13.381,21.13,21.4744,12.993282,21.474403
237,0:19:40,11.5,11.5,2.5,2.5,2.5,5.51,5.51,5.51,5.51,5.48,5.48,12.34,12.34,12.34,12.34,2.5,2.5,21.13,13.381,21.13,21.4744,12.993282,21.474403
238,0:19:45,11.5,11.5,2.5,2.5,2.5,5.51,5.51,5.51,5.51,5.48,5.48,12.34,12.34,12.34,12.34,2.5,2.5,21.13,13.381,21.13,21.4744,12.993282,21.474403
239,0:19:50,11.5,11.5,2.5,2.5,2.5,5.51,5.51,5.51,5.51,5.48,5.48,12.34,12.34,12.34,12.34,2.5,2.5,21.13,13.381,21.13,21.4744,12.993282,21.474403
240,0:19:55,11.5,11.5,2.5,2.5,2.5,5.51,5.51,5.51,5.51,5.48,5.48,12.34,12.34,12.34,12.34,2.5,2.5,21.13,13.381,21.13,21.4744,12.993282,21.474403
241,0:20:00,11.5,11.5,2.5,2.5,2.5,5.51,5.51,5.51,5.51,5.48,5.48,12.34,12.34,12.34,12.34,2.5,2.5,21.13,13.381,21.13,21.4744,12.993282,21.474403
242,0:20:05,11.5,11.5,2.5,2.5,2.5,5.51,5.51,5.51,5.51,5.48,5.48,12.34,12.34,12.34,12.34,2.5,2.5,21.13,13.381,21.13,21.4744,12.993282,21.474403
243,0:20:10,11.5,11.5,2.5,2.5,2.5,5.51,5.51,5.51,5.51,5.48,5.48,12.34,12.34,12.34,12.34,2.5,2.5,21.13,13.381,21.13,21.4744,12.993282,21.474403
244,0:20:15,11.5,11.5,2.5,2.5,2.5,5.51,5.51,5.51,5.51,5.48,5.48,12.34,12.34,12.34,12.34,2.5,2.5,21.13,13.381,21.13,21.4744,12.993282,21.474403
245,0:20:20,11.5,11.5,2.5,2.5,2.5,5.51,5.51,5.51,5.51,5.48,5.48,12.34,12.34,12.34,12.34,2.5,2.5,21.13,13.381,21.13,21.4744,12.993282,21.474403
246,0:20:25,11.5,11.5,2.5,2.5,2.5,5.51,5.51,5.51,5.51,5.48,5.48,12.34,12.34,12.34,12.34,2.5,2.5,21.13,13.381,21.13,21.4744,12.993282,21.474403
247,0:20:30,11.5,11.5,2.5,2.5,2.5,5.51,5.51,5.51,5.51,5.48,5.48,12.34,12.34,12.34,12.34,2.5,2.5,21.13,13.381,21.13,21.4744,12.993282,21.474403
248,0:20:35,11.5,11.5,2.5,2.5,2.5,5.51,5.51,5.51,5.51,5.48,5.48,12.34,12.34,12.34,12.34,2.5,2.5,21.13,13.381,21.13,21.4744,12.993282,21.474403
249,0:20:40,11.5,11.5,2.5,2.5,2.5,5.51,5.51,5.51,5.51,5.48,5.48,12.34,12.34,12.34,12.34,2.5,2.5,21.13,13.381,21.13,21.4744,12.993282,21.474403
250,0:20:45,11.5,11.5,2.5,2.5,2.5,5.51,5.51,5.51,5.51,5.48,5.48,12.34,12.34,12.34,12.34,2.5,2.5,21.13,13.381,21.13,21.4744,12.993282,21.474403
251,0:20:50,11.5,11.5,2.5,2.5,2.5,5.51,5.51,5.51,5.51,5.48,5.48,12.34,12.34,12.34,12.34,2.5,2.5,21.13,13.381,21.13,21.4744,12.993282,21.474403
252,0:20:55,11.5,11.5,2.5,2.5,2.5,5.51,5.51,5.51,5.51,5.48,5.48,12.34,12.34,12.34,12.34,2.5,2.5,21.13,13.381,21.13,21.4744,12.993282,21.474403
253,0:21:00,11.5,11.5,2.5,2.5,2.5,5.51,5.51,5.51,5.51,5.48,5.48,12.34,12.34,12.34,12.34,2.5,2.5,21.13,13.381,21.13,21.4744,12.993282,21.474403
254,0:21:05,11.5,11.5,2.5,2.5,2.5,5.51,5.51,5.51,5.51,5.48,5.48,12.34,12.34,12.34,12.34,2.5,2.5,21.13,13.381,21.13,21.4744,12.993282,21.474403
255,0:21:10,11.5,11.5,2.5,2.5,2.5,5.51,5.51,5.51,5.51,5.48,5.48,12.34,12.34,12.34,12.34,2.5,2.5,21.13,13.381,21.13,21.4744,12.993282,21.474403
256,0:21:15,11.5,11.5,2.5,2.5,2.5,5.51,5.51,5.51,5.51,5.48,5.48,12.34,12.34,12.34,12.34,2.5,2.5,21.13,13.381,21.13,21.4744,12.993282,21.474403
257,0:21:20,11.5,11.5,2.5,2.5,2.5,5.51,5.51,5.51,5.51,5.48,5.48,12.34,12.34,12.34,12.34,2.5,2.5,21.13,13.381,21.13,21.4744,12.993282,21.474403
258,0:21:25,11.5,11.5,2.5,2.5,2.5,5.51,5.51,5.51,5.51,5.48,5.48,12.34,12.34,12.34,12.34,2.5,2.5,21.13,13.381,21.13,21.4744,12.993282,21.474403
259,0:21:30,11.5,11.5,2.5,2.5,2.5,5.51,5.51,5.51,5.51,5.48,5.48,12.34,12.34,12.34,12.34,2.5,2.5,21.13,13.381,21.13,21.4744,12.993282,21.474403
260,0:21:35,11.5,11.5,2.5,2.5,2.5,5.51,5.51,5.51,5.51,5.48,5.48,12.34,12.34,12.34,12.34,2.5,2.5,21.13,13.381,21.13,21.4744,12.993282,21.474403
261,0:21:40,11.5,11.5,2.5,2.5,2.5,5.51,5.51,5.51,5.51,5.48,5.48,12.34,12.34,12.34,12.34,2.5,2.5,21.13,13.381,21.13,21.4744,12.993282,21.474403
262,0:21:45,11.5,11.5,2.5,2.5,2.5,5.51,5.51,5.51,5.51,5.48,5.48,12.34,12.34,12.34,12.34,2.5,2.5,21.13,13.381,21.13,21.4744,12.993282,21.474403
263,0:21:50,11.5,11.5,2.5,2.5,2.5,5.51,5.51,5.51,5.51,5.48,5.48,12.34,12.34,12.34,12.34,2.5,2.5,21.13,13.381,21.13,21.4744,12.993282,21.474403
264,0:21:55,11.5,11.5,2.5,2.5,2.5,5.51,5.51,5.51,5.51,5.48,5.48,12.34,12.34,12.34,12.34,2.5,2.5,21.13,13.381,21.13,21.4744,12.993282,21.474403
265,0:22:00,11.5,11.5,2.5,2.5,2.5,5.51,5.51,5.51,5.51,5.48,5.48,12.34,12.34,12.34,12.34,2.5,2.5,21.13,13.381,21.13,21.4744,12.993282,21.474403
266,0:22:05,11.5,11.5,2.5,2.5,2.5,5.51,5.51,5.51,5.51,5.48,5.48,12.34,12.34,12.34,12.34,2.5,2.5,21.13,13.381,21.13,21.4744,12.993282,21.474403
267,0:22:10,11.5,11.5,2.5,2.5,2.5,5.51,5.51,5.51,5.51,5.48,5.48,12.34,12.34,12.34,12.34,2.5,2.5,21.13,13.381,21.13,21.4744,12.993282,21.474403
268,0:22:15,11.5,11.5,2.5,2.5,2.5,5.51,5.51,5.51,5.51,5.48,5.48,12.34,12.34,12.34,12.34,2.5,2.5,21.13,13.381,21.13,21.4744,12.993282,21.474403
269,0:22:20,11.5,11.5,2.5,2.5,2.5,5.51,5.51,5.51,5.51,5.48,5.48,12.34,12.34,12.34,12.34,2.5,2.5,21.13,13.381,21.13,21.4744,12.993282,21.474403
270,0:22:25,11.5,11.5,2.5,2.5,2.5,5.51,5.51,5.51,5.51,5.48,5.48,12.34,12.34,12.34,12.34,2.5,2.5,21.13,13.381,21.13,21.4744,12.993282,21.474403
271,0:22:30,11.5,11.5,2.5,2.5,2.5,5.51,5.51,5.51,5.51,5.48,5.48,12.34,12.34,12.34,12.34,2.5,2.5,21.13,13.381,21.13,21.4744,12.993282,21.474403
272,0:22:35,11.5,11.5,2.5,2.5,2.5,5.51,5.51,5.51,5.51,5.48,5.48,12.34,12.34,12.34,12.34,2.5,2.5,21.13,13.381,21.13,21.4744,12.993282,21.474403
273,0:22:40,11.5,11.5,2.5,2.5,2.5,5.51,5.51,5.51,5.51,5.48,5.48,12.34,12.34,12.34,12.34,2.5,2.5,21.13,13.381,21.13,21.4744,12.993282,21.474403
274,0:22:45,11.5,11.5,2.5,2.5,2.5,5.51,5.51,5.51,5.51,5.48,5.48,12.34,12.34,12.34,12.34,2.5,2.5,21.13,13.381,21.13,21.4744,12.993282,21.474403
275,0:22:50,11.5,11.5,2.5,2.5,2.5,5.51,5.51,5.51,5.51,5.48,5.48,12.34,12.34,12.34,12.34,2.5,2.5,21.13,13.381,21.13,21.4744,12.993282,21.474403
276,0:22:55,11.5,11.5,2.5,2.5,2.5,5.51,5.51,5.51,5.51,5.48,5.48,12.34,12.34,12.34,12.34,2.5,2.5,21.13,13.381,21.13,21.4744,12.993282,21.474403
277,0:23:00,11.5,11.5,2.5,2.5,2.5,5.51,5.51,5.51,5.51,5.48,5.48,12.34,12.34,12.34,12.34,2.5,2.5,21.13,13.381,21.13,21.4744,12.993282,21.474403
278,0:23:05,11.5,11.5,2.5,2.5,2.5,5.51,5.51,5.51,5.51,5.48,5.48,12.34,12.34,12.34,12.34,2.5,2.5,21.13,13.381,21.13,21.4744,12.993282,21.474403
279,0:23:10,11.5,11.5,2.5,2.5,2.5,5.51,5.51,5.51,5.51,5.48,5.48,12.34,12.34,12.34,12.34,2.5,2.5,21.13,13.381,21.13,21.4744,12.993282,21.474403
280,0:23:15,11.5,11.5,2.5,2.5,2.5,5.51,5.51,5.51,5.51,5.48,5.48,12.34,12.34,12.34,12.34,2.5,2.5,21.13,13.381,21.13,21.4744,12.993282,21.474403
281,0:23:20,11.5,11.5,2.5,2.5,2.5,5.51,5.51,5.51,5.51,5.48,5.48,12.34,12.34,12.34,12.34,2.5,2.5,21.13,13.381,21.13,21.4744,12.993282,21.474403
282,0:23:25,11.5,11.5,2.5,2.5,2.5,5.51,5.51,5.51,5.51,5.48,5.48,12.34,12.34,12.34,12.34,2.5,2.5,21.13,13.381,21.13,21.4744,12.993282,21.474403
283,0:23:30,11.5,11.5,2.5,2.5,2.5,5.51,5.51,5.51,5.51,5.48,5.48,12.34,12.34,12.34,12.34,2.5,2.5,21.13,13.381,21.13,21.4744,12.993282,21.474403
284,0:23:35,11.5,11.5,2.5,2.5,2.5,5.51,5.51,5.51,5.51,5.48,5.48,12.34,12.34,12.34,12.34,2.5,2.5,21.13,13.381,21.13,21.4744,12.993282,21.474403
285,0:23:40,11.5,11.5,2.5,2.5,2.5,5.51,5.51,5.51,5.51,5.48,5.48,12.34,12.34,12.34,12.34,2.5,2.5,21.13,13.381,21.13,21.4744,12.993282,21.474403
286,0:23:45,11.5,11.5,2.5,2.5,2.5,5.51,5.51,5.51,5.51,5.48,5.48,12.34,12.34,12.34,12.34,2.5,2.5,21.13,13.381,21.13,21.4744,12.993282,21.474403
287,0:23:50,11.5,11.5,2.5,2.5,2.5,5.51,5.51,5.51,5.51,5.48,5.48,12.34,12.34,12.34,12.34,2.5,2.5,21.13,13.381,21.13,21.4744,12.993282,21.474403
288,0:23:55,11.5,11.5,2.5,2.5,2.5,5.51,5.51,5.51,5.51,5.48,5.48,12.34,12.34,12.34,12.34,2.5,2.5,21.13,13.381,21.13,21.4744,12.993282,21.474403
289,0:24:00,11.5,11.5,2.5,2.5,2.5,5.51,5.51,5.51,5.51,5.48,5.48,12.34,12.34,12.34,12.34,2.5,2.5,21.13,13.381,21.13,21.4744,12.993282,21.474403
290,0:24:05,11.5,11.5,2.5,2.5,2.5,5.51,5.51,5.51,5.51,5.48,5.48,12.34,12.34,12.34,12.34,2.5,2.5,21.13,13.381,21.13,21.4744,12.993282,21.474403
291,0:24:10,11.5,11.5,2.5,2.5,2.5,5.51,5.51,5.51,5.51,5.48,5.48,12.34,12.34,12.34,12.34,2.5,2.5,21.13,13.381,21.13,21.4744,12.993282,21.474403
292,0:24:15,11.5,11.5,2.5,2.5,2.5,5.51,5.51,5.51,5.51,5.48,5.48,12.34,12.34,12.34,12.34,2.5,2.5,21.13,13.381,21.13,21.4744,12.993282,21.474403
293,0:24:20,11.5,11.5,2.5,2.5,2.5,5.51,5.51,5.51,5.51,5.48,5.48,12.34,12.34,12.34,12.34,2.5,2.5,21.13,13.381,21.13,21.4744,12.993282,21.474403
294,0:24:25,11.5,11.5,2.5,2.5,2.5,5.51,5.51,5.51,5.51,5.48,5.48,12.34,12.34,12.34,12.34,2.5,2.5,21.13,13.381,21.13,21.4744,12.993282,21.474403
295,0:24:30,11.5,11.5,2.5,2.5,2.5,5.51,5.51,5.51,5.51,5.48,5.48,12.34,12.34,12.34,12.34,2.5,2.5,21.13,13.381,21.13,21.4744,12.993282,21.474403
296,0:24:35,11.5,11.5,2.5,2.5,2.5,5.51,5.51,5.51,5.51,5.48,5.48,12.34,12.34,12.34,12.34,2.5,2.5,21.13,13.381,21.13,21.4744,12.993282,21.474403
297,0:24:40,11.5,11.5,2.5,2.5,2.5,5.51,5.51,5.51,5.51,5.48,5.48,12.34,12.34,12.34,12.34,2.5,2.5,21.13,13.381,21.13,21.4744,12.993282,21.474403
298,0:24:45,11.5,11.5,2.5,2.5,2.5,5.51,5.51,5.51,5.51,5.48,5.48,12.34,12.34,12.34,12.34,2.5,2.5,21.13,13.381,21.13,21.4744,12.993282,21.474403
299,0:24:50,11.5,11.5,2.5,2.5,2.5,5.51,5.51,5.51,5.51,5.48,5.48,12.34,12.34,12.34,12.34,2.5,2.5,21.13,13.381,21.13,21.4744,12.993282,21.474403
300,0:24:55,11.5,11.5,2.5,2.5,2.5,5.51,5.51,5.51,5.51,5.48,5.48,12.34,12.34,12.34,12.34,2.5,2.5,21.13,13.381,21.13,21.4744,12.993282,21.474403
301,0:25:00,11.5,11.5,2.5,2.5,2.5,5.51,5.51,5.51,5.51,5.48,5.48,12.34,12.34,12.34,12.34,2.5,2.5,21.13,13.381,21.13,21.4744,12.993282,21.474403
302,0:25:05,11.5,11.5,2.5,2.5,2.5,5.51,5.51,5.51,5.51,5.48,5.48,12.34,12.34,12.34,12.34,2.5,2.5,21.13,13.381,21.13,21.4744,12.993282,21.474403
303,0:25:10,11.5,11.5,2.5,2.5,2.5,5.51,5.51,5.51,5.51,5.48,5.48,12.34,12.34,12.34,12.34,2.5,2.5,21.13,13.381,21.13,21.4744,12.993282,21.474403
304,0:25:15,11.5,11.5,2.5,2.5,2.5,5.51,5.51,5.51,5.51,5.48,5.48,12.34,12.34,12.34,12.34,2.5,2.5,21.13,13.381,21.13,21.4744,12.993282,21.474403
305,0:25:20,11.5,11.5,2.5,2.5,2.5,5.51,5.51,5.51,5.51,5.48,5.48,12.34,12.34,12.34,12.34,2.5,2.5,21.13,13.381,21.13,21.4744,12.993282,21.474403
306,0:25:25,11.5,11.5,2.5,2.5,2.5,5.51,5.51,5.51,5.51,5.48,5.48,12.34,12.34,12.34,12.34,2.5,2.5,21.13,13.381,21.13,21.4744,12.993282,21.474403
307,0:25:30,11.5,11.5,2.5,2.5,2.5,5.51,5.51,5.51,5.51,5.48,5.48,12.34,12.34,12.34,12.34,2.5,2.5,21.13,13.381,21.13,21.4744,12.993282,21.474403
308,0:25:35,11.5,11.5,2.5,2.5,2.5,5.51,5.51,5.51,5.51,5.48,5.48,12.34,12.34,12.34,12.34,2.5,2.5,21.13,13.381,21.13,21.4744,12.993282,21.474403
309,0:25:40,11.5,11.5,2.5,2.5,2.5,5.51,5.51,5.51,5.51,5.48,5.48,12.34,12.34,12.34,12.34,2.5,2.5,21.13,13.381,21.13,21.4744,12.993282,21.474403
310,0:25:45,11.5,11.5,2.5,2.5,2.5,5.51,5.51,5.51,5.51,5.48,5.48,12.34,12.34,12.34,12.34,2.5,2.5,21.13,13.381,21.13,21.4744,12.993282,21.474403
311,0:25:50,11.5,11.5,2.5,2.5,2.5,5.51,5.51,5.51,5.51,5.48,5.48,12.34,12.34,12.34,12.34,2.5,2.5,21.13,13.381,21.13,21.4744,12.993282,21.474403
312,0:25:55,11.5,11.5,2.5,2.5,2.5,5.51,5.51,5.51,5.51,5.48,5.48,12.34,12.34,12.34,12.34,2.5,2.5,21.13,13.381,21.13,21.4744,12.993282,21.474403
313,0:26:00,11.5,11.5,2.5,2.5,2.5,5.51,5.51,5.51,5.51,5.48,5.48,12.34,12.34,12.34,12.34,2.5,2.5,21.13,13.381,21.13,21.4744,12.993282,21.474403
314,0:26:05,11.5,11.5,2.5,2.5,2.5,5.51,5.51,5.51,5.51,5.48,5.48,12.34,12.34,12.34,12.34,2.5,2.5,21.13,13.381,21.13,21.4744,12.993282,21.474403
315,0:26:10,11.5,11.5,2.5,2.5,2.5,5.51,5.51,5.51,5.51,5.48,5.48,12.34,12.34,12.34,12.34,2.5,2.5,21.13,13.381,21.13,21.4744,12.993282,21.474403
316,0:26:15,11.5,11.5,2.5,2.5,2.5,5.51,5.51,5.51,5.51,5.48,5.48,12.34,12.34,12.34,12.34,2.5,2.5,21.13,13.381,21.13,21.4744,12.993282,21.474403
317,0:26:20,11.5,11.5,2.5,2.5,2.5,5.51,5.51,5.51,5.51,5.48,5.48,12.34,12.34,12.34,12.34,2.5,2.5,21.13,13.381,21.13,21.4744,12.993282,21.474403
318,0:26:25,11.5,11.5,2.5,2.5,2.5,5.51,5.51,5.51,5.51,5.48,5.48,12.34,12.34,12.34,12.34,2.5,2.5,21.13,13.381,21.13,21.4744,12.993282,21.474403
319,0:26:30,11.5,11.5,2.5,2.5,2.5,5.51,5.51,5.51,5.51,5.48,5.48,12.34,12.34,12.34,12.34,2.5,2.5,21.13,13.381,21.13,21.4744,12.993282,21.474403
320,0:26:35,11.5,11.5,2.5,2.5,2.5,5.51,5.51,5.51,5.51,5.48,5.48,12.34,12.34,12.34,12.34,2.5,2.5,21.13,13.381,21.13,21.4744,12.993282,21.474403
321,0:26:40,11.5,11.5,2.5,2.5,2.5,5.51,5.51,5.51,5.51,5.48,5.48,12.34,12.34,12.34,12.34,2.5,2.5,21.13,13.381,21.13,21.4744,12.993282,21.474403
322,0:26:45,11.5,11.5,2.5,2.5,2.5,5.51,5.51,5.51,5.51,5.48,5.48,12.34,12.34,12.34,12.34,2.5,2.5,21.13,13.381,21.13,21.4744,12.993282,21.474403
323,0:26:50,11.5,11.5,2.5,2.5,2.5,5.51,5.51,5.51,5.51,5.48,5.48,12.34,12.34,12.34,12.34,2.5,2.5,21.13,13.381,21.13,21.4744,12.993282,21.474403
324,0:26:55,11.5,11.5,2.5,2.5,2.5,5.51,5.51,5.51,5.51,5.48,5.48,12.34,12.34,12.34,12.34,2.5,2.5,21.13,13.381,21.13,21.4744,12.993282,21.474403
325,0:27:00,11.5,11.5,2.5,2.5,2.5,5.51,5.51,5.51,5.51,5.48,5.48,12.34,12.34,12.34,12.34,2.5,2.5,21.13,13.381,21.13,21.4744,12.993282,21.474403
326,0:27:05,11.5,11.5,2.5,2.5,2.5,5.51,5.51,5.51,5.51,5.48,5.48,12.34,12.34,12.34,12.34,2.5,2.5,21.13,13.381,21.13,21.4744,12.993282,21.474403
327,0:27:10,11.5,11.5,2.5,2.5,2.5,5.51,5.51,5.51,5.51,5.48,5.48,12.34,12.34,12.34,12.34,2.5,2.5,21.13,13.381,21.13,21.4744,12.993282,21.474403
328,0:27:15,11.5,11.5,2.5,2.5,2.5,5.51,5.51,5.51,5.51,5.48,5.48,12.34,12.34,12.34,12.34,2.5,2.5,21.13,13.381,21.13,21.4744,12.993282,21.474403
329,0:27:20,11.5,11.5,2.5,2.5,2.5,5.51,5.51,5.51,5.51,5.48,5.48,12.34,12.34,12.34,12.34,2.5,2.5,21.13,13.381,21.13,21.4744,12.993282,21.474403
330,0:27:25,11.5,11.5,2.5,2.5,2.5,5.51,5.51,5.51,5.51,5.48,5.48,12.34,12.34,12.34,12.34,2.5,2.5,21.13,13.381,21.13,21.4744,12.993282,21.474403
331,0:27:30,11.5,11.5,2.5,2.5,2.5,5.51,5.51,5.51,5.51,5.48,5.48,12.34,12.34,12.34,12.34,2.5,2.5,21.13,13.381,21.13,21.4744,12.993282,21.474403
332,0:27:35,11.5,11.5,2.5,2.5,2.5,5.51,5.51,5.51,5.51,5.48,5.48,12.34,12.34,12.34,12.34,2.5,2.5,21.13,13.381,21.13,21.4744,12.993282,21.474403
333,0:27:40,11.5,11.5,2.5,2.5,2.5,5.51,5.51,5.51,5.51,5.48,5.48,12.34,12.34,12.34,12.34,2.5,2.5,21.13,13.381,21.13,21.4744,12.993282,21.474403
334,0:27:45,11.5,11.5,2.5,2.5,2.5,5.51,5.51,5.51,5.51,5.48,5.48,12.34,12.34,12.34,12.34,2.5,2.5,21.13,13.381,21.13,21.4744,12.993282,21.474403
335,0:27:50,11.5,11.5,2.5,2.5,2.5,5.51,5.51,5.51,5.51,5.48,5.48,12.34,12.34,12.34,12.34,2.5,2.5,21.13,13.381,21.13,21.4744,12.993282,21.474403
336,0:27:55,11.5,11.5,2.5,2.5,2.5,5.51,5.51,5.51,5.51,5.48,5.48,12.34,12.34,12.34,12.34,2.5,2.5,21.13,13.381,21.13,21.4744,12.993282,21.474403
337,0:28:00,11.5,11.5,2.5,2.5,2.5,5.51,5.51,5.51,5.51,5.48,5.48,12.34,12.34,12.34,12.34,2.5,2.5,21.13,13.381,21.13,21.4744,12.993282,21.474403
338,0:28:05,11.5,11.5,2.5,2.5,2.5,5.51,5.51,5.51,5.51,5.48,5.48,12.34,12.34,12.34,12.34,2.5,2.5,21.13,13.381,21.13,21.4744,12.993282,21.474403
339,0:28:10,11.5,11.5,2.5,2.5,2.5,5.51,5.51,5.51,5.51,5.48,5.48,12.34,12.34,12.34,12.34,2.5,2.5,21.13,13.381,21.13,21.4744,12.993282,21.474403
340,0:28:15,11.5,11.5,2.5,2.5,2.5,5.51,5.51,5.51,5.51,5.48,5.48,12.34,12.34,12.34,12.34,2.5,2.5,21.13,13.381,21.13,21.4744,12.993282,21.474403
341,0:28:20,11.5,11.5,2.5,2.5,2.5,5.51,5.51,5.51,5.51,5.48,5.48,12.34,12.34,12.34,12.34,2.5,2.5,21.13,13.381,21.13,21.4744,12.993282,21.474403
342,0:28:25,11.5,11.5,2.5,2.5,2.5,5.51,5.51,5.51,5.51,5.48,5.48,12.34,12.34,12.34,12.34,2.5,2.5,21.13,13.381,21.13,21.4744,12.993282,21.474403
343,0:28:30,11.5,11.5,2.5,2.5,2.5,5.51,5.51,5.51,5.51,5.48,5.48,12.34,12.34,12.34,12.34,2.5,2.5,21.13,13.381,21.13,21.4744,12.993282,21.474403
344,0:28:35,11.5,11.5,2.5,2.5,2.5,5.51,5.51,5.51,5.51,5.48,5.48,12.34,12.34,12.34,12.34,2.5,2.5,21.13,13.381,21.13,21.4744,12.993282,21.474403
345,0:28:40,11.5,11.5,2.5,2.5,2.5,5.51,5.51,5.51,5.51,5.48,5.48,12.34,12.34,12.34,12.34,2.5,2.5,21.13,13.381,21.13,21.4744,12.993282,21.474403
346,0:28:45,11.5,11.5,2.5,2.5,2.5,5.51,5.51,5.51,5.51,5.48,5.48,12.34,12.34,12.34,12.34,2.5,2.5,21.13,13.381,21.13,21.4744,12.993282,21.474403
347,0:28:50,11.5,11.5,2.5,2.5,2.5,5.51,5.51,5.51,5.51,5.48,5.48,12.34,12.34,12.34,12.34,2.5,2.5,21.13,13.381,21.13,21.4744,12.993282,21.474403
348,0:28:55,11.5,11.5,2.5,2.5,2.5,5.51,5.51,5.51,5.51,5.48,5.48,12.34,12.34,12.34,12.34,2.5,2.5,21.13,13.381,21.13,21.4744,12.993282,21.474403
349,0:29:00,11.5,11.5,2.5,2.5,2.5,5.51,5.51,5.51,5.51,5.48,5.48,12.34,12.34,12.34,12.34,2.5,2.5,21.13,13.381,21.13,21.4744,12.993282,21.474403
350,0:29:05,11.5,11.5,2.5,2.5,2.5,5.51,5.51,5.51,5.51,5.48,5.48,12.34,12.34,12.34,12.34,2.5,2.5,21.13,13.381,21.13,21.4744,12.993282,21.474403
351,0:29:10,11.5,11.5,2.5,2.5,2.5,5.51,5.51,5.51,5.51,5.48,5.48,12.34,12.34,12.34,12.34,2.5,2.5,21.13,13.381,21.13,21.4744,12.993282,21.474403
352,0:29:15,11.5,11.5,2.5,2.5,2.5,5.51,5.51,5.51,5.51,5.48,5.48,12.34,12.34,12.34,12.34,2.5,2.5,21.13,13.381,21.13,21.4744,12.993282,21.474403
353,0:29:20,11.5,11.5,2.5,2.5,2.5,5.51,5.51,5.51,5.51,5.48,5.48,12.34,12.34,12.34,12.34,2.5,2.5,21.13,13.381,21.13,21.4744,12.993282,21.474403
354,0:29:25,11.5,11.5,2.5,2.5,2.5,5.51,5.51,5.51,5.51,5.48,5.48,12.34,12.34,12.34,12.34,2.5,2.5,21.13,13.381,21.13,21.4744,12.993282,21.474403
355,0:29:30,11.5,11.5,2.5,2.5,2.5,5.51,5.51,5.51,5.51,5.48,5.48,12.34,12.34,12.34,12.34,2.5,2.5,21.13,13.381,21.13,21.4744,12.993282,21.474403
356,0:29:35,11.5,11.5,2.5,2.5,2.5,5.51,5.51,5.51,5.51,5.48,5.48,12.34,12.34,12.34,12.34,2.5,2.5,21.13,13.381,21.13,21.4744,12.993282,21.474403
357,0:29:40,11.5,11.5,2.5,2.5,2.5,5.51,5.51,5.51,5.51,5.48,5.48,12.34,12.34,12.34,12.34,2.5,2.5,21.13,13.381,21.13,21.4744,12.993282,21.474403
358,0:29:45,11.5,11.5,2.5,2.5,2.5,5.51,5.51,5.51,5.51,5.48,5.48,12.34,12.34,12.34,12.34,2.5,2.5,21.13,13.381,21.13,21.4744,12.993282,21.474403
359,0:29:50,11.5,11.5,2.5,2.5,2.5,5.51,5.51,5.51,5.51,5.48,5.48,12.34,12.34,12.34,12.34,2.5,2.5,21.13,13.381,21.13,21.4744,12.993282,21.474403
360,0:29:55,11.5,11.5,2.5,2.5,2.5,5.51,5.51,5.51,5.51,5.48,5.48,12.34,12.34,12.34,12.34,2.5,2.5,21.13,13.381,21.13,21.4744,12.993282,21.474403
361,0:30:00,11.5,11.5,2.5,2.5,2.5,5.51,5.51,5.51,5.51,5.48,5.48,12.34,12.34,12.34,12.34,2.5,2.5,21.13,13.381,21.13,21.4744,12.993282,21.474403
362,0:30:05,11.5,11.5,2.5,2.5,2.5,5.51,5.51,5.51,5.51,5.48,5.48,12.34,12.34,12.34,12.34,2.5,2.5,21.13,13.381,21.13,21.4744,12.993282,21.474403
363,0:30:10,11.5,11.5,2.5,2.5,2.5,5.51,5.51,5.51,5.51,5.48,5.48,12.34,12.34,12.34,12.34,2.5,2.5,21.13,13.381,21.13,21.4744,12.993282,21.474403
364,0:30:15,11.5,11.5,2.5,2.5,2.5,5.51,5.51,5.51,5.51,5.48,5.48,12.34,12.34,12.34,12.34,2.5,2.5,21.13,13.381,21.13,21.4744,12.993282,21.474403
365,0:30:20,11.5,11.5,2.5,2.5,2.5,5.51,5.51,5.51,5.51,5.48,5.48,12.34,12.34,12.34,12.34,2.5,2.5,21.13,13.381,21.13,21.4744,12.993282,21.474403
366,0:30:25,11.5,11.5,2.5,2.5,2.5,5.51,5.51,5.51,5.51,5.48,5.48,12.34,12.34,12.34,12.34,2.5,2.5,21.13,13.381,21.13,21.4744,12.993282,21.474403
367,0:30:30,11.5,11.5,2.5,2.5,2.5,5.51,5.51,5.51,5.51,5.48,5.48,12.34,12.34,12.34,12.34,2.5,2.5,21.13,13.381,21.13,21.4744,12.993282,21.474403
368,0:30:35,11.5,11.5,2.5,2.5,2.5,5.51,5.51,5.51,5.51,5.48,5.48,12.34,12.34,12.34,12.34,2.5,2.5,21.13,13.381,21.13,21.4744,12.993282,21.474403
369,0:30:40,11.5,11.5,2.5,2.5,2.5,5.51,5.51,5.51,5.51,5.48,5.48,12.34,12.34,12.34,12.34,2.5,2.5,21.13,13.381,21.13,21.4744,12.993282,21.474403
370,0:30:45,11.5,11.5,2.5,2.5,2.5,5.51,5.51,5.51,5.51,5.48,5.48,12.34,12.34,12.34,12.34,2.5,2.5,21.13,13.381,21.13,21.4744,12.993282,21.474403
371,0:30:50,11.5,11.5,2.5,2.5,2.5,5.51,5.51,5.51,5.51,5.48,5.48,12.34,12.34,12.34,12.34,2.5,2.5,21.13,13.381,21.13,21.4744,12.993282,21.474403
372,0:30:55,11.5,11.5,2.5,2.5,2.5,5.51,5.51,5.51,5.51,5.48,5.48,12.34,12.34,12.34,12.34,2.5,2.5,21.13,13.381,21.13,21.4744,12.993282,21.474403
373,0:31:00,11.5,11.5,2.5,2.5,2.5,5.51,5.51,5.51,5.51,5.48,5.48,12.34,12.34,12.34,12.34,2.5,2.5,21.13,13.381,21.13,21.4744,12.993282,21.474403
374,0:31:05,11.5,11.5,2.5,2.5,2.5,5.51,5.51,5.51,5.51,5.48,5.48,12.34,12.34,12.34,12.34,2.5,2.5,21.13,13.381,21.13,21.4744,12.993282,21.474403
375,0:31:10,11.5,11.5,2.5,2.5,2.5,5.51,5.51,5.51,5.51,5.48,5.48,12.34,12.34,12.34,12.34,2.5,2.5,21.13,13.381,21.13,21.4744,12.993282,21.474403
376,0:31:15,11.5,11.5,2.5,2.5,2.5,5.51,5.51,5.51,5.51,5.48,5.48,12.34,12.34,12.34,12.34,2.5,2.5,21.13,13.381,21.13,21.4744,12.993282,21.474403
377,0:31:20,11.5,11.5,2.5,2.5,2.5,5.51,5.51,5.51,5.51,5.48,5.48,12.34,12.34,12.34,12.34,2.5,2.5,21.13,13.381,21.13,21.4744,12.993282,21.474403
378,0:31:25,11.5,11.5,2.5,2.5,2.5,5.51,5.51,5.51,5.51,5.48,5.48,12.34,12.34,12.34,12.34,2.5,2.5,21.13,13.381,21.13,21.4744,12.993282,21.474403
379,0:31:30,11.5,11.5,2.5,2.5,2.5,5.51,5.51,5.51,5.51,5.48,5.48,12.34,12.34,12.34,12.34,2.5,2.5,21.13,13.381,21.13,21.4744,12.993282,21.474403
380,0:31:35,11.5,11.5,2.5,2.5,2.5,5.51,5.51,5.51,5.51,5.48,5.48,12.34,12.34,12.34,12.34,2.5,2.5,21.13,13.381,21.13,21.4744,12.993282,21.474403
381,0:31:40,11.5,11.5,2.5,2.5,2.5,5.51,5.51,5.51,5.51,5.48,5.48,12.34,12.34,12.34,12.34,2.5,2.5,21.13,13.381,21.13,21.4744,12.993282,21.474403
382,0:31:45,11.5,11.5,2.5,2.5,2.5,5.51,5.51,5.51,5.51,5.48,5.48,12.34,12.34,12.34,12.34,2.5,2.5,21.13,13.381,21.13,21.4744,12.993282,21.474403
383,0:31:50,11.5,11.5,2.5,2.5,2.5,5.51,5.51,5.51,5.51,5.48,5.48,12.34,12.34,12.34,12.34,2.5,2.5,21.13,13.381,21.13,21.4744,12.993282,21.474403
384,0:31:55,11.5,11.5,2.5,2.5,2.5,5.51,5.51,5.51,5.51,5.48,5.48,12.34,12.34,12.34,12.34,2.5,2.5,21.13,13.381,21.13,21.4744,12.993282,21.474403
385,0:32:00,11.5,11.5,2.5,2.5,2.5,5.51,5.51,5.51,5.51,5.48,5.48,12.34,12.34,12.34,12.34,2.5,2.5,21.13,13.381,21.13,21.4744,12.993282,21.474403
386,0:32:05,11.5,11.5,2.5,2.5,2.5,5.51,5.51,5.51,5.51,5.48,5.48,12.34,12.34,12.34,12.34,2.5,2.5,21.13,13.381,21.13,21.4744,12.993282,21.474403
387,0:32:10,11.5,11.5,2.5,2.5,2.5,5.51,5.51,5.51,5.51,5.48,5.48,12.34,12.34,12.34,12.34,2.5,2.5,21.13,13.381,21.13,21.4744,12.993282,21.474403
388,0:32:15,11.5,11.5,2.5,2.5,2.5,5.51,5.51,5.51,5.51,5.48,5.48,12.34,12.34,12.34,12.34,2.5,2.5,21.13,13.381,21.13,21.4744,12.993282,21.474403
389,0:32:20,11.5,11.5,2.5,2.5,2.5,5.51,5.51,5.51,5.51,5.48,5.48,12.34,12.34,12.34,12.34,2.5,2.5,21.13,13.381,21.13,21.4744,12.993282,21.474403
390,0:32:25,11.5,11.5,2.5,2.5,2.5,5.51,5.51,5.51,5.51,5.48,5.48,12.34,12.34,12.34,12.34,2.5,2.5,21.13,13.381,21.13,21.4744,12.993282,21.474403
391,0:32:30,11.5,11.5,2.5,2.5,2.5,5.51,5.51,5.51,5.51,5.48,5.48,12.34,12.34,12.34,12.34,2.5,2.5,21.13,13.381,21.13,21.4744,12.993282,21.474403
392,0:32:35,11.5,11.5,2.5,2.5,2.5,5.51,5.51,5.51,5.51,5.48,5.48,12.34,12.34,12.34,12.34,2.5,2.5,21.13,13.381,21.13,21.4744,12.993282,21.474403
393,0:32:40,11.5,11.5,2.5,2.5,2.5,5.51,5.51,5.51,5.51,5.48,5.48,12.34,12.34,12.34,12.34,2.5,2.5,21.13,13.381,21.13,21.4744,12.993282,21.474403
394,0:32:45,11.5,11.5,2.5,2.5,2.5,5.51,5.51,5.51,5.51,5.48,5.48,12.34,12.34,12.34,12.34,2.5,2.5,21.13,13.381,21.13,21.4744,12.993282,21.474403
395,0:32:50,11.5,11.5,2.5,2.5,2.5,5.51,5.51,5.51,5.51,5.48,5.48,12.34,12.34,12.34,12.34,2.5,2.5,21.13,13.381,21.13,21.4744,12.993282,21.474403
396,0:32:55,11.5,11.5,2.5,2.5,2.5,5.51,5.51,5.51,5.51,5.48,5.48,12.34,12.34,12.34,12.34,2.5,2.5,21.13,13.381,21.13,21.4744,12.993282,21.474403
397,0:33:00,11.5,11.5,2.5,2.5,2.5,5.51,5.51,5.51,5.51,5.48,5.48,12.34,12.34,12.34,12.34,2.5,2.5,21.13,13.381,21.13,21.4744,12.993282,21.474403
398,0:33:05,11.5,11.5,2.5,2.5,2.5,5.51,5.51,5.51,5.51,5.48,5.48,12.34,12.34,12.34,12.34,2.5,2.5,21.13,13.381,21.13,21.4744,12.993282,21.474403
399,0:33:10,11.5,11.5,2.5,2.5,2.5,5.51,5.51,5.51,5.51,5.48,5.48,12.34,12.34,12.34,12.34,2.5,2.5,21.13,13.381,21.13,21.4744,12.993282,21.474403
400,0:33:15,11.5,11.5,2.5,2.5,2.5,5.51,5.51,5.51,5.51,5.48,5.48,12.34,12.34,12.34,12.34,2.5,2.5,21.13,13.381,21.13,21.4744,12.993282,21.474403
401,0:33:20,11.5,11.5,2.5,2.5,2.5,5.51,5.51,5.51,5.51,5.48,5.48,12.34,12.34,12.34,12.34,2.5,2.5,21.13,13.381,21.13,21.4744,12.993282,21.474403
402,0:33:25,11.5,11.5,2.5,2.5,2.5,5.51,5.51,5.51,5.51,5.48,5.48,12.34,12.34,12.34,12.34,2.5,2.5,21.13,13.381,21.13,21.4744,12.993282,21.474403
403,0:33:30,11.5,11.5,2.5,2.5,2.5,5.51,5.51,5.51,5.51,5.48,5.48,12.34,12.34,12.34,12.34,2.5,2.5,21.13,13.381,21.13,21.4744,12.993282,21.474403
404,0:33:35,11.5,11.5,2.5,2.5,2.5,5.51,5.51,5.51,5.51,5.48,5.48,12.34,12.34,12.34,12.34,2.5,2.5,21.13,13.381,21.13,21.4744,12.993282,21.474403
405,0:33:40,11.5,11.5,2.5,2.5,2.5,5.51,5.51,5.51,5.51,5.48,5.48,12.34,12.34,12.34,12.34,2.5,2.5,21.13,13.381,21.13,21.4744,12.993282,21.474403
406,0:33:45,11.5,11.5,2.5,2.5,2.5,5.51,5.51,5.51,5.51,5.48,5.48,12.34,12.34,12.34,12.34,2.5,2.5,21.13,13.381,21.13,21.4744,12.993282,21.474403
407,0:33:50,11.5,11.5,2.5,2.5,2.5,5.51,5.51,5.51,5.51,5.48,5.48,12.34,12.34,12.34,12.34,2.5,2.5,21.13,13.381,21.13,21.4744,12.993282,21.474403
408,0:33:55,11.5,11.5,2.5,2.5,2.5,5.51,5.51,5.51,5.51,5.48,5.48,12.34,12.34,12.34,12.34,2.5,2.5,21.13,13.381,21.13,21.4744,12.993282,21.474403
409,0:34:00,11.5,11.5,2.5,2.5,2.5,5.51,5.51,5.51,5.51,5.48,5.48,12.34,12.34,12.34,12.34,2.5,2.5,21.13,13.381,21.13,21.4744,12.993282,21.474403
410,0:34:05,11.5,11.5,2.5,2.5,2.5,5.51,5.51,5.51,5.51,5.48,5.48,12.34,12.34,12.34,12.34,2.5,2.5,21.13,13.381,21.13,21.4744,12.993282,21.474403
411,0:34:10,11.5,11.5,2.5,2.5,2.5,5.51,5.51,5.51,5.51,5.48,5.48,12.34,12.34,12.34,12.34,2.5,2.5,21.13,13.381,21.13,21.4744,12.993282,21.474403
412,0:34:15,11.5,11.5,2.5,2.5,2.5,5.51,5.51,5.51,5.51,5.48,5.48,12.34,12.34,12.34,12.34,2.5,2.5,21.13,13.381,21.13,21.4744,12.993282,21.474403
413,0:34:20,11.5,11.5,2.5,2.5,2.5,5.51,5.51,5.51,5.51,5.48,5.48,12.34,12.34,12.34,12.34,2.5,2.5,21.13,13.381,21.13,21.4744,12.993282,21.474403
414,0:34:25,11.5,11.5,2.5,2.5,2.5,5.51,5.51,5.51,5.51,5.48,5.48,12.34,12.34,12.34,12.34,2.5,2.5,21.13,13.381,21.13,21.4744,12.993282,21.474403
415,0:34:30,11.5,11.5,2.5,2.5,2.5,5.51,5.51,5.51,5.51,5.48,5.48,12.34,12.34,12.34,12.34,2.5,2.5,21.13,13.381,21.13,21.4744,12.993282,21.474403
416,0:34:35,11.5,11.5,2.5,2.5,2.5,5.51,5.51,5.51,5.51,5.48,5.48,12.34,12.34,12.34,12.34,2.5,2.5,21.13,13.381,21.13,21.4744,12.993282,21.474403
417,0:34:40,11.5,11.5,2.5,2.5,2.5,5.51,5.51,5.51,5.51,5.48,5.48,12.34,12.34,12.34,12.34,2.5,2.5,21.13,13.381,21.13,21.4744,12.993282,21.474403
418,0:34:45,11.5,11.5,2.5,2.5,2.5,5.51,5.51,5.51,5.51,5.48,5.48,12.34,12.34,12.34,12.34,2.5,2.5,21.13,13.381,21.13,21.4744,12.993282,21.474403
419,0:34:50,11.5,11.5,2.5,2.5,2.5,5.51,5.51,5.51,5.51,5.48,5.48,12.34,12.34,12.34,12.34,2.5,2.5,21.13,13.381,21.13,21.4744,12.993282,21.474403
420,0:34:55,11.5,11.5,2.5,2.5,2.5,5.51,5.51,5.51,5.51,5.48,5.48,12.34,12.34,12.34,12.34,2.5,2.5,21.13,13.381,21.13,21.4744,12.993282,21.474403
421,0:35:00,11.5,11.5,2.5,2.5,2.5,5.51,5.51,5.51,5.51,5.48,5.48,12.34,12.34,12.34,12.34,2.5,2.5,21.13,13.381,21.13,21.4744,12.993282,21.474403
422,0:35:05,11.5,11.5,2.5,2.5,2.5,5.51,5.51,5.51,5.51,5.48,5.48,12.34,12.34,12.34,12.34,2.5,2.5,21.13,13.381,21.13,21.4744,12.993282,21.474403
423,0:35:10,11.5,11.5,2.5,2.5,2.5,5.51,5.51,5.51,5.51,5.48,5.48,12.34,12.34,12.34,12.34,2.5,2.5,21.13,13.381,21.13,21.4744,12.993282,21.474403
424,0:35:15,11.5,11.5,2.5,2.5,2.5,5.51,5.51,5.51,5.51,5.48,5.48,12.34,12.34,12.34,12.34,2.5,2.5,21.13,13.381,21.13,21.4744,12.993282,21.474403
425,0:35:20,11.5,11.5,2.5,2.5,2.5,5.51,5.51,5.51,5.51,5.48,5.48,12.34,12.34,12.34,12.34,2.5,2.5,21.13,13.381,21.13,21.4744,12.993282,21.474403
426,0:35:25,11.5,11.5,2.5,2.5,2.5,5.51,5.51,5.51,5.51,5.48,5.48,12.34,12.34,12.34,12.34,2.5,2.5,21.13,13.381,21.13,21.4744,12.993282,21.474403
427,0:35:30,11.5,11.5,2.5,2.5,2.5,5.51,5.51,5.51,5.51,5.48,5.48,12.34,12.34,12.34,12.34,2.5,2.5,21.13,13.381,21.13,21.4744,12.993282,21.474403
428,0:35:35,11.5,11.5,2.5,2.5,2.5,5.51,5.51,5.51,5.51,5.48,5.48,12.34,12.34,12.34,12.34,2.5,2.5,21.13,13.381,21.13,21.4744,12.993282,21.474403
429,0:35:40,11.5,11.5,2.5,2.5,2.5,5.51,5.51,5.51,5.51,5.48,5.48,12.34,12.34,12.34,12.34,2.5,2.5,21.13,13.381,21.13,21.4744,12.993282,21.474403
430,0:35:45,11.5,11.5,2.5,2.5,2.5,5.51,5.51,5.51,5.51,5.48,5.48,12.34,12.34,12.34,12.34,2.5,2.5,21.13,13.381,21.13,21.4744,12.993282,21.474403
431,0:35:50,11.5,11.5,2.5,2.5,2.5,5.51,5.51,5.51,5.51,5.48,5.48,12.34,12.34,12.34,12.34,2.5,2.5,21.13,13.381,21.13,21.4744,12.993282,21.474403
432,0:35:55,11.5,11.5,2.5,2.5,2.5,5.51,5.51,5.51,5.51,5.48,5.48,12.34,12.34,12.34,12.34,2.5,2.5,21.13,13.381,21.13,21.4744,12.993282,21.474403
433,0:36:00,11.5,11.5,2.5,2.5,2.5,5.51,5.51,5.51,5.51,5.48,5.48,12.34,12.34,12.34,12.34,2.5,2.5,21.13,13.381,21.13,21.4744,12.993282,21.474403
434,0:36:05,11.5,11.5,2.5,2.5,2.5,5.51,5.51,5.51,5.51,5.48,5.48,12.34,12.34,12.34,12.34,2.5,2.5,21.13,13.381,21.13,21.4744,12.993282,21.474403
435,0:36:10,11.5,11.5,2.5,2.5,2.5,5.51,5.51,5.51,5.51,5.48,5.48,12.34,12.34,12.34,12.34,2.5,2.5,21.13,13.381,21.13,21.4744,12.993282,21.474403
436,0:36:15,11.5,11.5,2.5,2.5,2.5,5.51,5.51,5.51,5.51,5.48,5.48,12.34,12.34,12.34,12.34,2.5,2.5,21.13,13.381,21.13,21.4744,12.993282,21.474403
437,0:36:20,11.5,11.5,2.5,2.5,2.5,5.51,5.51,5.51,5.51,5.48,5.48,12.34,12.34,12.34,12.34,2.5,2.5,21.13,13.381,21.13,21.4744,12.993282,21.474403
438,0:36:25,11.5,11.5,2.5,2.5,2.5,5.51,5.51,5.51,5.51,5.48,5.48,12.34,12.34,12.34,12.34,2.5,2.5,21.13,13.381,21.13,21.4744,12.993282,21.474403
439,0:36:30,11.5,11.5,2.5,2.5,2.5,5.51,5.51,5.51,5.51,5.48,5.48,12.34,12.34,12.34,12.34,2.5,2.5,21.13,13.381,21.13,21.4744,12.993282,21.474403
440,0:36:35,11.5,11.5,2.5,2.5,2.5,5.51,5.51,5.51,5.51,5.48,5.48,12.34,12.34,12.34,12.34,2.5,2.5,21.13,13.381,21.13,21.4744,12.993282,21.474403
441,0:36:40,11.5,11.5,2.5,2.5,2.5,5.51,5.51,5.51,5.51,5.48,5.48,12.34,12.34,12.34,12.34,2.5,2.5,21.13,13.381,21.13,21.4744,12.993282,21.474403
442,0:36:45,11.5,11.5,2.5,2.5,2.5,5.51,5.51,5.51,5.51,5.48,5.48,12.34,12.34,12.34,12.34,2.5,2.5,21.13,13.381,21.13,21.4744,12.993282,21.474403
443,0:36:50,11.5,11.5,2.5,2.5,2.5,5.51,5.51,5.51,5.51,5.48,5.48,12.34,12.34,12.34,12.34,2.5,2.5,21.13,13.381,21.13,21.4744,12.993282,21.474403
444,0:36:55,11.5,11.5,2.5,2.5,2.5,5.51,5.51,5.51,5.51,5.48,5.48,12.34,12.34,12.34,12.34,2.5,2.5,21.13,13.381,21.13,21.4744,12.993282,21.474403
445,0:37:00,11.5,11.5,2.5,2.5,2.5,5.51,5.51,5.51,5.51,5.48,5.48,12.34,12.34,12.34,12.34,2.5,2.5,21.13,13.381,21.13,21.4744,12.993282,21.474403
446,0:37:05,11.5,11.5,2.5,2.5,2.5,5.51,5.51,5.51,5.51,5.48,5.48,12.34,12.34,12.34,12.34,2.5,2.5,21.13,13.381,21.13,21.4744,12.993282,21.474403
447,0:37:10,11.5,11.5,2.5,2.5,2.5,5.51,5.51,5.51,5.51,5.48,5.48,12.34,12.34,12.34,12.34,2.5,2.5,21.13,13.381,21.13,21.4744,12.993282,21.474403
448,0:37:15,11.5,11.5,2.5,2.5,2.5,5.51,5.51,5.51,5.51,5.48,5.48,12.34,12.34,12.34,12.34,2.5,2.5,21.13,13.381,21.13,21.4744,12.993282,21.474403
449,0:37:20,11.5,11.5,2.5,2.5,2.5,5.51,5.51,5.51,5.51,5.48,5.48,12.34,12.34,12.34,12.34,2.5,2.5,21.13,13.381,21.13,21.4744,12.993282,21.474403
450,0:37:25,11.5,11.5,2.5,2.5,2.5,5.51,5.51,5.51,5.51,5.48,5.48,12.34,12.34,12.34,12.34,2.5,2.5,21.13,13.381,21.13,21.4744,12.993282,21.474403
451,0:37:30,11.5,11.5,2.5,2.5,2.5,5.51,5.51,5.51,5.51,5.48,5.48,12.34,12.34,12.34,12.34,2.5,2.5,21.13,13.381,21.13,21.4744,12.993282,21.474403
452,0:37:35,11.5,11.5,2.5,2.5,2.5,5.51,5.51,5.51,5.51,5.48,5.48,12.34,12.34,12.34,12.34,2.5,2.5,21.13,13.381,21.13,21.4744,12.993282,21.474403
453,0:37:40,11.5,11.5,2.5,2.5,2.5,5.51,5.51,5.51,5.51,5.48,5.48,12.34,12.34,12.34,12.34,2.5,2.5,21.13,13.381,21.13,21.4744,12.993282,21.474403
454,0:37:45,11.5,11.5,2.5,2.5,2.5,5.51,5.51,5.51,5.51,5.48,5.48,12.34,12.34,12.34,12.34,2.5,2.5,21.13,13.381,21.13,21.4744,12.993282,21.474403
455,0:37:50,11.5,11.5,2.5,2.5,2.5,5.51,5.51,5.51,5.51,5.48,5.48,12.34,12.34,12.34,12.34,2.5,2.5,21.13,13.381,21.13,21.4744,12.993282,21.474403
456,0:37:55,11.5,11.5,2.5,2.5,2.5,5.51,5.51,5.51,5.51,5.48,5.48,12.34,12.34,12.34,12.34,2.5,2.5,21.13,13.381,21.13,21.4744,12.993282,21.474403
457,0:38:00,11.5,11.5,2.5,2.5,2.5,5.51,5.51,5.51,5.51,5.48,5.48,12.34,12.34,12.34,12.34,2.5,2.5,21.13,13.381,21.13,21.4744,12.993282,21.474403
458,0:38:05,11.5,11.5,2.5,2.5,2.5,5.51,5.51,5.51,5.51,5.48,5.48,12.34,12.34,12.34,12.34,2.5,2.5,21.13,13.381,21.13,21.4744,12.993282,21.474403
459,0:38:10,11.5,11.5,2.5,2.5,2.5,5.51,5.51,5.51,5.51,5.48,5.48,12.34,12.34,12.34,12.34,2.5,2.5,21.13,13.381,21.13,21.4744,12.993282,21.474403
460,0:38:15,11.5,11.5,2.5,2.5,2.5,5.51,5.51,5.51,5.51,5.48,5.48,12.34,12.34,12.34,12.34,2.5,2.5,21.13,13.381,21.13,21.4744,12.993282,21.474403
461,0:38:20,11.5,11.5,2.5,2.5,2.5,5.51,5.51,5.51,5.51,5.48,5.48,12.34,12.34,12.34,12.34,2.5,2.5,21.13,13.381,21.13,21.4744,12.993282,21.474403
462,0:38:25,11.5,11.5,2.5,2.5,2.5,5.51,5.51,5.51,5.51,5.48,5.48,12.34,12.34,12.34,12.34,2.5,2.5,21.13,13.381,21.13,21.4744,12.993282,21.474403
463,0:38:30,11.5,11.5,2.5,2.5,2.5,5.51,5.51,5.51,5.51,5.48,5.48,12.34,12.34,12.34,12.34,2.5,2.5,21.13,13.381,21.13,21.4744,12.993282,21.474403
464,0:38:35,11.5,11.5,2.5,2.5,2.5,5.51,5.51,5.51,5.51,5.48,5.48,12.34,12.34,12.34,12.34,2.5,2.5,21.13,13.381,21.13,21.4744,12.993282,21.474403
465,0:38:40,11.5,11.5,2.5,2.5,2.5,5.51,5.51,5.51,5.51,5.48,5.48,12.34,12.34,12.34,12.34,2.5,2.5,21.13,13.381,21.13,21.4744,12.993282,21.474403
466,0:38:45,11.5,11.5,2.5,2.5,2.5,5.51,5.51,5.51,5.51,5.48,5.48,12.34,12.34,12.34,12.34,2.5,2.5,21.13,13.381,21.13,21.4744,12.993282,21.474403
467,0:38:50,11.5,11.5,2.5,2.5,2.5,5.51,5.51,5.51,5.51,5.48,5.48,12.34,12.34,12.34,12.34,2.5,2.5,21.13,13.381,21.13,21.4744,12.993282,21.474403
468,0:38:55,11.5,11.5,2.5,2.5,2.5,5.51,5.51,5.51,5.51,5.48,5.48,12.34,12.34,12.34,12.34,2.5,2.5,21.13,13.381,21.13,21.4744,12.993282,21.474403
469,0:39:00,11.5,11.5,2.5,2.5,2.5,5.51,5.51,5.51,5.51,5.48,5.48,12.34,12.34,12.34,12.34,2.5,2.5,21.13,13.381,21.13,21.4744,12.993282,21.474403
470,0:39:05,11.5,11.5,2.5,2.5,2.5,5.51,5.51,5.51,5.51,5.48,5.48,12.34,12.34,12.34,12.34,2.5,2.5,21.13,13.381,21.13,21.4744,12.993282,21.474403
471,0:39:10,11.5,11.5,2.5,2.5,2.5,5.51,5.51,5.51,5.51,5.48,5.48,12.34,12.34,12.34,12.34,2.5,2.5,21.13,13.381,21.13,21.4744,12.993282,21.474403
472,0:39:15,11.5,11.5,2.5,2.5,2.5,5.51,5.51,5.51,5.51,5.48,5.48,12.34,12.34,12.34,12.34,2.5,2.5,21.13,13.381,21.13,21.4744,12.993282,21.474403
473,0:39:20,11.5,11.5,2.5,2.5,2.5,5.51,5.51,5.51,5.51,5.48,5.48,12.34,12.34,12.34,12.34,2.5,2.5,21.13,13.381,21.13,21.4744,12.993282,21.474403
474,0:39:25,11.5,11.5,2.5,2.5,2.5,5.51,5.51,5.51,5.51,5.48,5.48,12.34,12.34,12.34,12.34,2.5,2.5,21.13,13.381,21.13,21.4744,12.993282,21.474403
475,0:39:30,11.5,11.5,2.5,2.5,2.5,5.51,5.51,5.51,5.51,5.48,5.48,12.34,12.34,12.34,12.34,2.5,2.5,21.13,13.381,21.13,21.4744,12.993282,21.474403
476,0:39:35,11.5,11.5,2.5,2.5,2.5,5.51,5.51,5.51,5.51,5.48,5.48,12.34,12.34,12.34,12.34,2.5,2.5,21.13,13.381,21.13,21.4744,12.993282,21.474403
477,0:39:40,11.5,11.5,2.5,2.5,2.5,5.51,5.51,5.51,5.51,5.48,5.48,12.34,12.34,12.34,12.34,2.5,2.5,21.13,13.381,21.13,21.4744,12.993282,21.474403
478,0:39:45,11.5,11.5,2.5,2.5,2.5,5.51,5.51,5.51,5.51,5.48,5.48,12.34,12.34,12.34,12.34,2.5,2.5,21.13,13.381,21.13,21.4744,12.993282,21.474403
479,0:39:50,11.5,11.5,2.5,2.5,2.5,5.51,5.51,5.51,5.51,5.48,5.48,12.34,12.34,12.34,12.34,2.5,2.5,21.13,13.381,21.13,21.4744,12.993282,21.474403
480,0:39:55,11.5,11.5,2.5,2.5,2.5,5.51,5.51,5.51,5.51,5.48,5.48,12.34,12.34,12.34,12.34,2.5,2.5,21.13,13.381,21.13,21.4744,12.993282,21.474403
481,0:40:00,11.5,11.5,2.5,2.5,2.5,5.51,5.51,5.51,5.51,5.48,5.48,12.34,12.34,12.34,12.34,2.5,2.5,21.13,13.381,21.13,21.4744,12.993282,21.474403
482,0:40:05,11.5,11.5,2.5,2.5,2.5,5.51,5.51,5.51,5.51,5.48,5.48,12.34,12.34,12.34,12.34,2.5,2.5,21.13,13.381,21.13,21.4744,12.993282,21.474403
483,0:40:10,11.5,11.5,2.5,2.5,2.5,5.51,5.51,5.51,5.51,5.48,5.48,12.34,12.34,12.34,12.34,2.5,2.5,21.13,13.381,21.13,21.4744,12.993282,21.474403
484,0:40:15,11.5,11.5,2.5,2.5,2.5,5.51,5.51,5.51,5.51,5.48,5.48,12.34,12.34,12.34,12.34,2.5,2.5,21.13,13.381,21.13,21.4744,12.993282,21.474403
485,0:40:20,11.5,11.5,2.5,2.5,2.5,5.51,5.51,5.51,5.51,5.48,5.48,12.34,12.34,12.34,12.34,2.5,2.5,21.13,13.381,21.13,21.4744,12.993282,21.474403
486,0:40:25,11.5,11.5,2.5,2.5,2.5,5.51,5.51,5.51,5.51,5.48,5.48,12.34,12.34,12.34,12.34,2.5,2.5,21.13,13.381,21.13,21.4744,12.993282,21.474403
487,0:40:30,11.5,11.5,2.5,2.5,2.5,5.51,5.51,5.51,5.51,5.48,5.48,12.34,12.34,12.34,12.34,2.5,2.5,21.13,13.381,21.13,21.4744,12.993282,21.474403
488,0:40:35,11.5,11.5,2.5,2.5,2.5,5.51,5.51,5.51,5.51,5.48,5.48,12.34,12.34,12.34,12.34,2.5,2.5,21.13,13.381,21.13,21.4744,12.993282,21.474403
489,0:40:40,11.5,11.5,2.5,2.5,2.5,5.51,5.51,5.51,5.51,5.48,5.48,12.34,12.34,12.34,12.34,2.5,2.5,21.13,13.381,21.13,21.4744,12.993282,21.474403
490,0:40:45,11.5,11.5,2.5,2.5,2.5,5.51,5.51,5.51,5.51,5.48,5.48,12.34,12.34,12.34,12.34,2.5,2.5,21.13,13.381,21.13,21.4744,12.993282,21.474403
491,0:40:50,11.5,11.5,2.5,2.5,2.5,5.51,5.51,5.51,5.51,5.48,5.48,12.34,12.34,12.34,12.34,2.5,2.5,21.13,13.381,21.13,21.4744,12.993282,21.474403
492,0:40:55,11.5,11.5,2.5,2.5,2.5,5.51,5.51,5.51,5.51,5.48,5.48,12.34,12.34,12.34,12.34,2.5,2.5,21.13,13.381,21.13,21.4744,12.993282,21.474403
493,0:41:00,11.5,11.5,2.5,2.5,2.5,5.51,5.51,5.51,5.51,5.48,5.48,12.34,12.34,12.34,12.34,2.5,2.5,21.13,13.381,21.13,21.4744,12.993282,21.474403
494,0:41:05,11.5,11.5,2.5,2.5,2.5,5.51,5.51,5.51,5.51,5.48,5.48,12.34,12.34,12.34,12.34,2.5,2.5,21.13,13.381,21.13,21.4744,12.993282,21.474403
495,0:41:10,11.5,11.5,2.5,2.5,2.5,5.51,5.51,5.51,5.51,5.48,5.48,12.34,12.34,12.34,12.34,2.5,2.5,21.13,13.381,21.13,21.4744,12.993282,21.474403
496,0:41:15,11.5,11.5,2.5,2.5,2.5,5.51,5.51,5.51,5.51,5.48,5.48,12.34,12.34,12.34,12.34,2.5,2.5,21.13,13.381,21.13,21.4744,12.993282,21.474403
497,0:41:20,11.5,11.5,2.5,2.5,2.5,5.51,5.51,5.51,5.51,5.48,5.48,12.34,12.34,12.34,12.34,2.5,2.5,21.13,13.381,21.13,21.4744,12.993282,21.474403
498,0:41:25,11.5,11.5,2.5,2.5,2.5,5.51,5.51,5.51,5.51,5.48,5.48,12.34,12.34,12.34,12.34,2.5,2.5,21.13,13.381,21.13,21.4744,12.993282,21.474403
499,0:41:30,11.5,11.5,2.5,2.5,2.5,5.51,5.51,5.51,5.51,5.48,5.48,12.34,12.34,12.34,12.34,2.5,2.5,21.13,13.381,21.13,21.4744,12.993282,21.474403
500,0:41:35,11.5,11.5,2.5,2.5,2.5,5.51,5.51,5.51,5.51,5.48,5.48,12.34,12.34,12.34,12.34,2.5,2.5,21.13,13.381,21.13,21.4744,12.993282,21.474403
501,0:41:40,11.5,11.5,2.5,2.5,2.5,5.51,5.51,5.51,5.51,5.48,5.48,12.34,12.34,12.34,12.34,2.5,2.5,21.13,13.381,21.13,21.4744,12.993282,21.474403
502,0:41:45,11.5,11.5,2.5,2.5,2.5,5.51,5.51,5.51,5.51,5.48,5.48,12.34,12.34,12.34,12.34,2.5,2.5,21.13,13.381,21.13,21.4744,12.993282,21.474403
503,0:41:50,11.5,11.5,2.5,2.5,2.5,5.51,5.51,5.51,5.51,5.48,5.48,12.34,12.34,12.34,12.34,2.5,2.5,21.13,13.381,21.13,21.4744,12.993282,21.474403
504,0:41:55,11.5,11.5,2.5,2.5,2.5,5.51,5.51,5.51,5.51,5.48,5.48,12.34,12.34,12.34,12.34,2.5,2.5,21.13,13.381,21.13,21.4744,12.993282,21.474403
505,0:42:00,11.5,11.5,2.5,2.5,2.5,5.51,5.51,5.51,5.51,5.48,5.48,12.34,12.34,12.34,12.34,2.5,2.5,21.13,13.381,21.13,21.4744,12.993282,21.474403
506,0:42:05,11.5,11.5,2.5,2.5,2.5,5.51,5.51,5.51,5.51,5.48,5.48,12.34,12.34,12.34,12.34,2.5,2.5,21.13,13.381,21.13,21.4744,12.993282,21.474403
507,0:42:10,11.5,11.5,2.5,2.5,2.5,5.51,5.51,5.51,5.51,5.48,5.48,12.34,12.34,12.34,12.34,2.5,2.5,21.13,13.381,21.13,21.4744,12.993282,21.474403
508,0:42:15,11.5,11.5,2.5,2.5,2.5,5.51,5.51,5.51,5.51,5.48,5.48,12.34,12.34,12.34,12.34,2.5,2.5,21.13,13.381,21.13,21.4744,12.993282,21.474403
509,0:42:20,11.5,11.5,2.5,2.5,2.5,5.51,5.51,5.51,5.51,5.48,5.48,12.34,12.34,12.34,12.34,2.5,2.5,21.13,13.381,21.13,21.4744,12.993282,21.474403
510,0:42:25,11.5,11.5,2.5,2.5,2.5,5.51,5.51,5.51,5.51,5.48,5.48,12.34,12.34,12.34,12.34,2.5,2.5,21.13,13.381,21.13,21.4744,12.993282,21.474403
511,0:42:30,11.5,11.5,2.5,2.5,2.5,5.51,5.51,5.51,5.51,5.48,5.48,12.34,12.34,12.34,12.34,2.5,2.5,21.13,13.381,21.13,21.4744,12.993282,21.474403
512,0:42:35,11.5,11.5,2.5,2.5,2.5,5.51,5.51,5.51,5.51,5.48,5.48,12.34,12.34,12.34,12.34,2.5,2.5,21.13,13.381,21.13,21.4744,12.993282,21.474403
513,0:42:40,11.5,11.5,2.5,2.5,2.5,5.51,5.51,5.51,5.51,5.48,5.48,12.34,12.34,12.34,12.34,2.5,2.5,21.13,13.381,21.13,21.4744,12.993282,21.474403
514,0:42:45,11.5,11.5,2.5,2.5,2.5,5.51,5.51,5.51,5.51,5.48,5.48,12.34,12.34,12.34,12.34,2.5,2.5,21.13,13.381,21.13,21.4744,12.993282,21.474403
515,0:42:50,11.5,11.5,2.5,2.5,2.5,5.51,5.51,5.51,5.51,5.48,5.48,12.34,12.34,12.34,12.34,2.5,2.5,21.13,13.381,21.13,21.4744,12.993282,21.474403
516,0:42:55,11.5,11.5,2.5,2.5,2.5,5.51,5.51,5.51,5.51,5.48,5.48,12.34,12.34,12.34,12.34,2.5,2.5,21.13,13.381,21.13,21.4744,12.993282,21.474403
517,0:43:00,11.5,11.5,2.5,2.5,2.5,5.51,5.51,5.51,5.51,5.48,5.48,12.34,12.34,12.34,12.34,2.5,2.5,21.13,13.381,21.13,21.4744,12.993282,21.474403
518,0:43:05,11.5,11.5,2.5,2.5,2.5,5.51,5.51,5.51,5.51,5.48,5.48,12.34,12.34,12.34,12.34,2.5,2.5,21.13,13.381,21.13,21.4744,12.993282,21.474403
519,0:43:10,11.5,11.5,2.5,2.5,2.5,5.51,5.51,5.51,5.51,5.48,5.48,12.34,12.34,12.34,12.34,2.5,2.5,21.13,13.381,21.13,21.4744,12.993282,21.474403
520,0:43:15,11.5,11.5,2.5,2.5,2.5,5.51,5.51,5.51,5.51,5.48,5.48,12.34,12.34,12.34,12.34,2.5,2.5,21.13,13.381,21.13,21.4744,12.993282,21.474403
521,0:43:20,11.5,11.5,2.5,2.5,2.5,5.51,5.51,5.51,5.51,5.48,5.48,12.34,12.34,12.34,12.34,2.5,2.5,21.13,13.381,21.13,21.4744,12.993282,21.474403
522,0:43:25,11.5,11.5,2.5,2.5,2.5,5.51,5.51,5.51,5.51,5.48,5.48,12.34,12.34,12.34,12.34,2.5,2.5,21.13,13.381,21.13,21.4744,12.993282,21.474403
523,0:43:30,11.5,11.5,2.5,2.5,2.5,5.51,5.51,5.51,5.51,5.48,5.48,12.34,12.34,12.34,12.34,2.5,2.5,21.13,13.381,21.13,21.4744,12.993282,21.474403
524,0:43:35,11.5,11.5,2.5,2.5,2.5,5.51,5.51,5.51,5.51,5.48,5.48,12.34,12.34,12.34,12.34,2.5,2.5,21.13,13.381,21.13,21.4744,12.993282,21.474403
525,0:43:40,11.5,11.5,2.5,2.5,2.5,5.51,5.51,5.51,5.51,5.48,5.48,12.34,12.34,12.34,12.34,2.5,2.5,21.13,13.381,21.13,21.4744,12.993282,21.474403
526,0:43:45,11.5,11.5,2.5,2.5,2.5,5.51,5.51,5.51,5.51,5.48,5.48,12.34,12.34,12.34,12.34,2.5,2.5,21.13,13.381,21.13,21.4744,12.993282,21.474403
527,0:43:50,11.5,11.5,2.5,2.5,2.5,5.51,5.51,5.51,5.51,5.48,5.48,12.34,12.34,12.34,12.34,2.5,2.5,21.13,13.381,21.13,21.4744,12.993282,21.474403
528,0:43:55,11.5,11.5,2.5,2.5,2.5,5.51,5.51,5.51,5.51,5.48,5.48,12.34,12.34,12.34,12.34,2.5,2.5,21.13,13.381,21.13,21.4744,12.993282,21.474403
529,0:44:00,11.5,11.5,2.5,2.5,2.5,5.51,5.51,5.51,5.51,5.48,5.48,12.34,12.34,12.34,12.34,2.5,2.5,21.13,13.381,21.13,21.4744,12.993282,21.474403
530,0:44:05,11.5,11.5,2.5,2.5,2.5,5.51,5.51,5.51,5.51,5.48,5.48,12.34,12.34,12.34,12.34,2.5,2.5,21.13,13.381,21.13,21.4744,12.993282,21.474403
531,0:44:10,11.5,11.5,2.5,2.5,2.5,5.51,5.51,5.51,5.51,5.48,5.48,12.34,12.34,12.34,12.34,2.5,2.5,21.13,13.381,21.13,21.4744,12.993282,21.474403
532,0:44:15,11.5,11.5,2.5,2.5,2.5,5.51,5.51,5.51,5.51,5.48,5.48,12.34,12.34,12.34,12.34,2.5,2.5,21.13,13.381,21.13,21.4744,12.993282,21.474403
533,0:44:20,11.5,11.5,2.5,2.5,2.5,5.51,5.51,5.51,5.51,5.48,5.48,12.34,12.34,12.34,12.34,2.5,2.5,21.13,13.381,21.13,21.4744,12.993282,21.474403
534,0:44:25,11.5,11.5,2.5,2.5,2.5,5.51,5.51,5.51,5.51,5.48,5.48,12.34,12.34,12.34,12.34,2.5,2.5,21.13,13.381,21.13,21.4744,12.993282,21.474403
535,0:44:30,11.5,11.5,2.5,2.5,2.5,5.51,5.51,5.51,5.51,5.48,5.48,12.34,12.34,12.34,12.34,2.5,2.5,21.13,13.381,21.13,21.4744,12.993282,21.474403
536,0:44:35,11.5,11.5,2.5,2.5,2.5,5.51,5.51,5.51,5.51,5.48,5.48,12.34,12.34,12.34,12.34,2.5,2.5,21.13,13.381,21.13,21.4744,12.993282,21.474403
537,0:44:40,11.5,11.5,2.5,2.5,2.5,5.51,5.51,5.51,5.51,5.48,5.48,12.34,12.34,12.34,12.34,2.5,2.5,21.13,13.381,21.13,21.4744,12.993282,21.474403
538,0:44:45,11.5,11.5,2.5,2.5,2.5,5.51,5.51,5.51,5.51,5.48,5.48,12.34,12.34,12.34,12.34,2.5,2.5,21.13,13.381,21.13,21.4744,12.993282,21.474403
539,0:44:50,11.5,11.5,2.5,2.5,2.5,5.51,5.51,5.51,5.51,5.48,5.48,12.34,12.34,12.34,12.34,2.5,2.5,21.13,13.381,21.13,21.4744,12.993282,21.474403
540,0:44:55,11.5,11.5,2.5,2.5,2.5,5.51,5.51,5.51,5.51,5.48,5.48,12.34,12.34,12.34,12.34,2.5,2.5,21.13,13.381,21.13,21.4744,12.993282,21.474403
541,0:45:00,11.5,11.5,2.5,2.5,2.5,5.51,5.51,5.51,5.51,5.48,5.48,12.34,12.34,12.34,12.34,2.5,2.5,21.13,13.381,21.13,21.4744,12.993282,21.474403
542,0:45:05,11.5,11.5,2.5,2.5,2.5,5.51,5.51,5.51,5.51,5.48,5.48,12.34,12.34,12.34,12.34,2.5,2.5,21.13,13.381,21.13,21.4744,12.993282,21.474403
543,0:45:10,11.5,11.5,2.5,2.5,2.5,5.51,5.51,5.51,5.51,5.48,5.48,12.34,12.34,12.34,12.34,2.5,2.5,21.13,13.381,21.13,21.4744,12.993282,21.474403
544,0:45:15,11.5,11.5,2.5,2.5,2.5,5.51,5.51,5.51,5.51,5.48,5.48,12.34,12.34,12.34,12.34,2.5,2.5,21.13,13.381,21.13,21.4744,12.993282,21.474403
545,0:45:20,11.5,11.5,2.5,2.5,2.5,5.51,5.51,5.51,5.51,5.48,5.48,12.34,12.34,12.34,12.34,2.5,2.5,21.13,13.381,21.13,21.4744,12.993282,21.474403
546,0:45:25,11.5,11.5,2.5,2.5,2.5,5.51,5.51,5.51,5.51,5.48,5.48,12.34,12.34,12.34,12.34,2.5,2.5,21.13,13.381,21.13,21.4744,12.993282,21.474403
547,0:45:30,11.5,11.5,2.5,2.5,2.5,5.51,5.51,5.51,5.51,5.48,5.48,12.34,12.34,12.34,12.34,2.5,2.5,21.13,13.381,21.13,21.4744,12.993282,21.474403
548,0:45:35,11.5,11.5,2.5,2.5,2.5,5.51,5.51,5.51,5.51,5.48,5.48,12.34,12.34,12.34,12.34,2.5,2.5,21.13,13.381,21.13,21.4744,12.993282,21.474403
549,0:45:40,11.5,11.5,2.5,2.5,2.5,5.51,5.51,5.51,5.51,5.48,5.48,12.34,12.34,12.34,12.34,2.5,2.5,21.13,13.381,21.13,21.4744,12.993282,21.474403
550,0:45:45,11.5,11.5,2.5,2.5,2.5,5.51,5.51,5.51,5.51,5.48,5.48,12.34,12.34,12.34,12.34,2.5,2.5,21.13,13.381,21.13,21.4744,12.993282,21.474403
551,0:45:50,11.5,11.5,2.5,2.5,2.5,5.51,5.51,5.51,5.51,5.48,5.48,12.34,12.34,12.34,12.34,2.5,2.5,21.13,13.381,21.13,21.4744,12.993282,21.474403
552,0:45:55,11.5,11.5,2.5,2.5,2.5,5.51,5.51,5.51,5.51,5.48,5.48,12.34,12.34,12.34,12.34,2.5,2.5,21.13,13.381,21.13,21.4744,12.993282,21.474403
553,0:46:00,11.5,11.5,2.5,2.5,2.5,5.51,5.51,5.51,5.51,5.48,5.48,12.34,12.34,12.34,12.34,2.5,2.5,21.13,13.381,21.13,21.4744,12.993282,21.474403
554,0:46:05,11.5,11.5,2.5,2.5,2.5,5.51,5.51,5.51,5.51,5.48,5.48,12.34,12.34,12.34,12.34,2.5,2.5,21.13,13.381,21.13,21.4744,12.993282,21.474403
555,0:46:10,11.5,11.5,2.5,2.5,2.5,5.51,5.51,5.51,5.51,5.48,5.48,12.34,12.34,12.34,12.34,2.5,2.5,21.13,13.381,21.13,21.4744,12.993282,21.474403
556,0:46:15,11.5,11.5,2.5,2.5,2.5,5.51,5.51,5.51,5.51,5.48,5.48,12.34,12.34,12.34,12.34,2.5,2.5,21.13,13.381,21.13,21.4744,12.993282,21.474403
557,0:46:20,11.5,11.5,2.5,2.5,2.5,5.51,5.51,5.51,5.51,5.48,5.48,12.34,12.34,12.34,12.34,2.5,2.5,21.13,13.381,21.13,21.4744,12.993282,21.474403
558,0:46:25,11.5,11.5,2.5,2.5,2.5,5.51,5.51,5.51,5.51,5.48,5.48,12.34,12.34,12.34,12.34,2.5,2.5,21.13,13.381,21.13,21.4744,12.993282,21.474403
559,0:46:30,11.5,11.5,2.5,2.5,2.5,5.51,5.51,5.51,5.51,5.48,5.48,12.34,12.34,12.34,12.34,2.5,2.5,21.13,13.381,21.13,21.4744,12.993282,21.474403
560,0:46:35,11.5,11.5,2.5,2.5,2.5,5.51,5.51,5.51,5.51,5.48,5.48,12.34,12.34,12.34,12.34,2.5,2.5,21.13,13.381,21.13,21.4744,12.993282,21.474403
561,0:46:40,11.5,11.5,2.5,2.5,2.5,5.51,5.51,5.51,5.51,5.48,5.48,12.34,12.34,12.34,12.34,2.5,2.5,21.13,13.381,21.13,21.4744,12.993282,21.474403
562,0:46:45,11.5,11.5,2.5,2.5,2.5,5.51,5.51,5.51,5.51,5.48,5.48,12.34,12.34,12.34,12.34,2.5,2.5,21.13,13.381,21.13,21.4744,12.993282,21.474403
563,0:46:50,11.5,11.5,2.5,2.5,2.5,5.51,5.51,5.51,5.51,5.48,5.48,12.34,12.34,12.34,12.34,2.5,2.5,21.13,13.381,21.13,21.4744,12.993282,21.474403
564,0:46:55,11.5,11.5,2.5,2.5,2.5,5.51,5.51,5.51,5.51,5.48,5.48,12.34,12.34,12.34,12.34,2.5,2.5,21.13,13.381,21.13,21.4744,12.993282,21.474403
565,0:47:00,11.5,11.5,2.5,2.5,2.5,5.51,5.51,5.51,5.51,5.48,5.48,12.34,12.34,12.34,12.34,2.5,2.5,21.13,13.381,21.13,21.4744,12.993282,21.474403
566,0:47:05,11.5,11.5,2.5,2.5,2.5,5.51,5.51,5.51,5.51,5.48,5.48,12.34,12.34,12.34,12.34,2.5,2.5,21.13,13.381,21.13,21.4744,12.993282,21.474403
567,0:47:10,11.5,11.5,2.5,2.5,2.5,5.51,5.51,5.51,5.51,5.48,5.48,12.34,12.34,12.34,12.34,2.5,2.5,21.13,13.381,21.13,21.4744,12.993282,21.474403
568,0:47:15,11.5,11.5,2.5,2.5,2.5,5.51,5.51,5.51,5.51,5.48,5.48,12.34,12.34,12.34,12.34,2.5,2.5,21.13,13.381,21.13,21.4744,12.993282,21.474403
569,0:47:20,11.5,11.5,2.5,2.5,2.5,5.51,5.51,5.51,5.51,5.48,5.48,12.34,12.34,12.34,12.34,2.5,2.5,21.13,13.381,21.13,21.4744,12.993282,21.474403
570,0:47:25,11.5,11.5,2.5,2.5,2.5,5.51,5.51,5.51,5.51,5.48,5.48,12.34,12.34,12.34,12.34,2.5,2.5,21.13,13.381,21.13,21.4744,12.993282,21.474403
571,0:47:30,11.5,11.5,2.5,2.5,2.5,5.51,5.51,5.51,5.51,5.48,5.48,12.34,12.34,12.34,12.34,2.5,2.5,21.13,13.381,21.13,21.4744,12.993282,21.474403
572,0:47:35,11.5,11.5,2.5,2.5,2.5,5.51,5.51,5.51,5.51,5.48,5.48,12.34,12.34,12.34,12.34,2.5,2.5,21.13,13.381,21.13,21.4744,12.993282,21.474403
573,0:47:40,11.5,11.5,2.5,2.5,2.5,5.51,5.51,5.51,5.51,5.48,5.48,12.34,12.34,12.34,12.34,2.5,2.5,21.13,13.381,21.13,21.4744,12.993282,21.474403
574,0:47:45,11.5,11.5,2.5,2.5,2.5,5.51,5.51,5.51,5.51,5.48,5.48,12.34,12.34,12.34,12.34,2.5,2.5,21.13,13.381,21.13,21.4744,12.993282,21.474403
575,0:47:50,11.5,11.5,2.5,2.5,2.5,5.51,5.51,5.51,5.51,5.48,5.48,12.34,12.34,12.34,12.34,2.5,2.5,21.13,13.381,21.13,21.4744,12.993282,21.474403
576,0:47:55,11.5,11.5,2.5,2.5,2.5,5.51,5.51,5.51,5.51,5.48,5.48,12.34,12.34,12.34,12.34,2.5,2.5,21.13,13.381,21.13,21.4744,12.993282,21.474403
